facilities,rating,location
RestaurantBARSwimmingPools,,Stokol
intrnetRestaurantgym,,Machlessvile
restaurantgympoolBar,,Wanderland
BARRestaurant,,Uberlandia
InternetRestaurant,,Stokol
internet,,Uberlandia
Bar,,Hallerson
barRestaurant,,Willsmian
intrnetbarRestaurant,,Andeman
intrnetbarrestaurant,,Stokol
restaurantgyminternetbarpool,,Willsmian
barInternetRestaurant,,Stokol
barRestaurant,,Stokol
internetRestaurant,,Stokol
Barrestaurant,,Andeman
intrnet,,Uberlandia
,,Machlessvile
BAR,,Stokol
BARRestaurant,,Andeman
RestaurantpoolbarInternet,,Stokol
BARrestaurant,,Hallerson
RestaurantBAR,,Stokol
Bar,,Wanderland
InternetRestaurantgymBARPool,,Stokol
poolRestaurant,,Stokol
bar,,Wanderland
swimmingpoolsbarInternet,,Stokol
restaurantBar,,Ubisville
bar,,Hallerson
,,Wanderland
restaurantbar,,Machlessvile
Restaurant,,Uberlandia
internetrestaurantBar,,Stokol
restaurantSwimmingPoolsBAR,,Andeman
Bar,,Andeman
swimmingpoolsrestaurantgymBAR,,Wanderland
restaurantPool,,Wanderland
intrnetrestaurantBARgymswimmingpools,,Willsmian
BarGymintrnetrestaurantpool,,Stokol
swimmingpoolsBARinternetrestaurant,,Andeman
BARRestaurant,,Willsmian
barRestaurant,,Uberlandia
Bar,,Ubisville
InternetRestaurantBar,,Uberlandia
,,Uberlandia
restaurantbarintrnetswimmingpools,,Wanderland
gymPoolbar,,Machlessvile
PoolGymBARRestaurant,,Wanderland
internetPoolrestaurant,,Andeman
Restaurantgymintrnet,,Hallerson
swimmingpoolsBARinternetRestaurant,,Wanderland
intrnetbarRestaurant,,Uberlandia
intrnetRestaurantBargym,,Stokol
SwimmingPoolsBARintrnetRestaurantgym,,Andeman
restaurantintrnetPool,,Stokol
BARRestaurantInternet,,Andeman
poolRestaurantBar,,Wanderland
restaurant,,Andeman
,,Stokol
restaurant,,Stokol
,,Wanderland
intrnetRestaurant,,Wanderland
restaurantintrnet,,Stokol
Restaurant,,Uberlandia
BARrestaurantGymswimmingpools,,Hallerson
barrestaurant,,Stokol
BARRestaurant,,Wanderland
InternetBar,,Willsmian
internetbargymSwimmingPoolsRestaurant,,Wanderland
Bar,,Andeman
InternetBARrestaurant,,Uberlandia
Barrestaurant,,Andeman
barinternetGympoolRestaurant,,Stokol
,,Stokol
Poolintrnetrestaurant,,Ubisville
restaurantInternetbar,,Hallerson
BAR,,Willsmian
Barpool,,Uberlandia
restaurantBARInternet,,Willsmian
,,Stokol
Restaurantbarintrnet,,Wanderland
Barrestaurant,,Andeman
restaurantswimmingpoolsBar,,Hallerson
barrestaurant,,Wanderland
GymInternetrestaurantbar,,Machlessvile
restaurantBarGymswimmingpools,,Wanderland
GymBarSwimmingPoolsRestaurant,,Wanderland
BARRestaurant,,Willsmian
Internetrestaurantbar,,Stokol
restaurantBAR,,Machlessvile
barrestaurant,,Hallerson
,,Stokol
Bar,,Machlessvile
BAR,,Ubisville
restaurantbar,,Willsmian
Barrestaurantinternet,,Uberlandia
barPoolrestaurantGym,,Wanderland
internet,,Willsmian
internetBAR,,Hallerson
barRestaurant,,Wanderland
barintrnetRestaurant,,Hallerson
poolRestaurantinternet,,Stokol
restaurantintrnetbar,,Stokol
barrestaurant,,Ubisville
internetrestaurant,,Wanderland
restaurantpoolGym,,Uberlandia
restaurant,,Ubisville
restaurantintrnetpoolbar,,Wanderland
,,Andeman
SwimmingPoolsGymrestaurantbarInternet,,Hallerson
swimmingpoolsrestaurantbar,,Andeman
GymswimmingpoolsBarRestaurant,,Wanderland
restaurantBar,,Uberlandia
Barrestaurant,,Uberlandia
RestaurantBar,,Wanderland
restaurantbar,,Hallerson
barSwimmingPoolsRestaurant,,Machlessvile
internetRestaurant,,Andeman
restaurantgymintrnetbar,,Stokol
Poolgymrestaurantbarintrnet,,Ubisville
poolRestaurant,,Willsmian
barRestaurant,,Andeman
swimmingpoolsbarintrnetRestaurant,,Wanderland
restaurantBAR,,Wanderland
BARRestaurant,,Wanderland
Gymswimmingpools,,Hallerson
barrestaurant,,Hallerson
gymbarinternet,,Hallerson
gymBARPool,,Uberlandia
BarRestaurant,,Stokol
barInternetRestaurant,,Willsmian
restaurantGymPoolbarintrnet,,Uberlandia
InternetBarRestaurant,,Ubisville
Restaurant,,Andeman
intrnetrestaurant,,Willsmian
RestaurantBAR,,Machlessvile
intrnetpoolBar,,Wanderland
gymbarPoolRestaurant,,Stokol
internetbar,,Stokol
,,Andeman
Internetpoolrestaurant,,Machlessvile
internetBAR,,Andeman
PoolBarRestaurant,,Machlessvile
intrnetRestaurantbar,,Uberlandia
RestaurantBar,,Machlessvile
BarRestaurant,,Andeman
InternetPoolGymrestaurantBar,,Hallerson
swimmingpoolsBARInternetrestaurant,,Hallerson
intrnetrestaurantBar,,Stokol
,,Machlessvile
restaurantbar,,Willsmian
Barrestaurant,,Ubisville
,,Willsmian
,,Stokol
,,Hallerson
SwimmingPoolsBARgymrestaurant,,Wanderland
PoolBAR,,Wanderland
,,Hallerson
Restaurantswimmingpoolsgymintrnetbar,,Stokol
BarRestaurant,,Andeman
intrnetpoolRestaurant,,Wanderland
internetBar,,Andeman
,,Stokol
PoolgymRestaurantbar,,Willsmian
,,Hallerson
BARRestaurant,,Stokol
swimmingpools,,Willsmian
RestaurantBarPoolGymintrnet,,Willsmian
Restaurant,,Uberlandia
intrnetswimmingpoolsBarGym,,Stokol
BAR,,Willsmian
RestaurantBARInternet,,Hallerson
restaurantBAR,,Wanderland
Internet,,Andeman
restaurantpoolBarGymintrnet,,Hallerson
restaurantSwimmingPoolsBarGymInternet,,Wanderland
poolintrnetbar,,Uberlandia
RestaurantgymSwimmingPoolsBarintrnet,,Uberlandia
restaurantbarinternetGymSwimmingPools,,Hallerson
,,Andeman
barPoolrestaurantGym,,Willsmian
BarGymRestaurantswimmingpools,,Andeman
BARRestaurantPoolintrnet,,Andeman
BARrestaurantInternet,,Hallerson
PoolrestaurantBarinternet,,Andeman
BARintrnetrestaurantSwimmingPools,,Wanderland
barinternetrestaurant,,Uberlandia
restaurantinternetbar,,Machlessvile
BARrestaurantInternet,,Andeman
RestaurantswimmingpoolsBAR,,Hallerson
restaurantbar,,Hallerson
restaurant,,Stokol
restaurantbar,,Wanderland
RestaurantSwimmingPoolsbarinternetGym,,Andeman
barRestaurant,,Machlessvile
intrnetpoolGymRestaurantbar,,Hallerson
internetBAR,,Wanderland
internetRestaurantSwimmingPools,,Uberlandia
InternetBARgymPoolRestaurant,,Machlessvile
BAR,,Uberlandia
BAR,,Machlessvile
restaurantbar,,Wanderland
BARrestaurant,,Willsmian
poolBAR,,Machlessvile
barRestaurantinternet,,Wanderland
BARrestaurant,,Machlessvile
barRestaurant,,Stokol
restaurantpoolbargym,,Andeman
intrnetBAR,,Machlessvile
barrestaurant,,Machlessvile
restaurantBARintrnetSwimmingPools,,Stokol
Poolbar,,Hallerson
BARRestaurant,,Wanderland
restaurantPoolinternet,,Hallerson
gymInternetSwimmingPoolsbarrestaurant,,Hallerson
BARrestaurant,,Wanderland
restaurantintrnetbarGym,,Hallerson
barrestaurantinternet,,Uberlandia
RestaurantBar,,Stokol
,,Machlessvile
restaurantBarinternet,,Willsmian
barInternet,,Andeman
gymBarRestaurantPool,,Machlessvile
InternetbarrestaurantPool,,Willsmian
BARpoolGymRestaurant,,Stokol
RestaurantBAR,,Andeman
swimmingpoolsrestaurant,,Stokol
BarRestaurant,,Stokol
,,Uberlandia
,,Ubisville
Restaurantbar,,Andeman
bar,,Hallerson
GymSwimmingPoolsBAR,,Andeman
,,Machlessvile
barRestaurant,,Machlessvile
intrnetPoolBARRestaurantgym,,Uberlandia
InternetRestaurantBar,,Uberlandia
RestaurantBAR,,Hallerson
internetRestaurantBAR,,Stokol
SwimmingPoolsBarRestaurantInternet,,Ubisville
BARinternetswimmingpools,,Wanderland
swimmingpoolsrestaurantBar,,Andeman
Restaurant,,Machlessvile
restaurantBargympoolInternet,,Machlessvile
RestaurantBAR,,Wanderland
restaurantBARPool,,Stokol
InternetRestaurantBar,,Hallerson
,,Andeman
barrestaurant,,Stokol
BARInternetrestaurant,,Hallerson
restaurantBar,,Stokol
bar,,Stokol
BARInternet,,Stokol
barInternet,,Wanderland
Restaurant,,Hallerson
BARinternetGymPool,,Andeman
barrestaurant,,Andeman
swimmingpoolsbarrestaurantInternet,,Wanderland
Internet,,Wanderland
restaurantInternetBARGympool,,Willsmian
RestaurantBarintrnet,,Wanderland
internet,,Stokol
Restaurant,,Hallerson
Restaurantbar,,Andeman
internet,,Uberlandia
internetSwimmingPoolsBarRestaurant,,Stokol
,,Uberlandia
restaurantBar,,Willsmian
barRestaurant,,Uberlandia
restaurantinternet,,Willsmian
restaurantinternet,,Wanderland
pool,,Uberlandia
InternetSwimmingPoolsRestaurantbar,,Wanderland
BarRestaurantintrnet,,Wanderland
BarintrnetRestaurant,,Andeman
RestaurantswimmingpoolsintrnetBar,,Andeman
restaurantBAR,,Stokol
restaurantBar,,Uberlandia
Internet,,Uberlandia
RestaurantInternet,,Uberlandia
Restaurantbar,,Andeman
RestaurantPoolinternet,,Willsmian
restaurantBar,,Willsmian
barrestaurantintrnet,,Willsmian
restaurantBAR,,Uberlandia
barRestaurant,,Andeman
BarSwimmingPoolsRestaurant,,Stokol
BARinternet,,Stokol
Internet,,Ubisville
Restaurantbar,,Wanderland
,,Wanderland
,,Stokol
bar,,Stokol
SwimmingPoolsInternetGym,,Ubisville
barrestaurantintrnet,,Uberlandia
restaurantBAR,,Willsmian
,,Willsmian
BARrestaurantInternet,,Willsmian
,,Willsmian
PoolinternetrestaurantGym,,Stokol
BARrestaurant,,Hallerson
Bar,,Stokol
barRestaurantswimmingpools,,Stokol
restaurantpoolinternetgymBAR,,Andeman
BARrestaurantInternet,,Andeman
BARRestaurant,,Stokol
internetRestaurantBar,,Stokol
BARRestaurant,,Andeman
bargymRestaurantSwimmingPools,,Stokol
Bar,,Uberlandia
Restaurant,,Stokol
Barintrnet,,Willsmian
Restaurantbargym,,Machlessvile
,,Andeman
barSwimmingPoolsintrnetrestaurant,,Stokol
,,Wanderland
restaurantbar,,Andeman
Barinternetrestaurant,,Hallerson
restaurantPoolGymBARintrnet,,Uberlandia
restaurantinternet,,Hallerson
BARrestaurantinternetPool,,Uberlandia
BARRestaurant,,Wanderland
intrnetrestaurant,,Stokol
BARGymRestaurantPool,,Andeman
restaurantInternetBar,,Ubisville
restaurantPoolBAR,,Andeman
internetRestaurant,,Stokol
barSwimmingPoolsgym,,Willsmian
restaurantInternet,,Andeman
BARRestaurant,,Ubisville
barrestaurant,,Wanderland
restaurantbar,,Uberlandia
gymRestaurantBar,,Andeman
intrnetrestaurantbar,,Machlessvile
InternetBarRestaurant,,Stokol
barGymrestaurantinternetSwimmingPools,,Hallerson
Restaurantbar,,Andeman
BAR,,Andeman
internetbarGymrestaurant,,Hallerson
InternetswimmingpoolsRestaurantBAR,,Andeman
GymPoolrestaurant,,Uberlandia
InternetswimmingpoolsRestaurantbar,,Hallerson
BARrestaurantGym,,Hallerson
InternetGymbarRestaurant,,Andeman
restaurantPoolintrnet,,Uberlandia
BarRestaurant,,Wanderland
internetGymRestaurantBARSwimmingPools,,Uberlandia
BARswimmingpoolsrestaurant,,Wanderland
RestaurantBARInternet,,Stokol
barSwimmingPoolsrestaurantinternet,,Hallerson
BarRestaurantintrnet,,Hallerson
restaurantbar,,Wanderland
intrnetrestaurantBAR,,Hallerson
poolbargymintrnetRestaurant,,Machlessvile
restaurant,,Willsmian
restaurantbarinternet,,Wanderland
restaurant,,Andeman
RestaurantBar,,Willsmian
intrnetBARRestaurant,,Wanderland
RestaurantpoolInternet,,Wanderland
restaurantBARPoolintrnetGym,,Wanderland
Restaurantbar,,Uberlandia
BarInternetRestaurant,,Andeman
,,Andeman
Bar,,Wanderland
restaurantbar,,Andeman
RestaurantInternetBAR,,Wanderland
BARrestaurantPool,,Andeman
InternetBar,,Willsmian
Restaurantinternetbar,,Hallerson
restaurantBARinternet,,Andeman
Restaurant,,Andeman
barRestaurantintrnet,,Willsmian
BAR,,Hallerson
BarInternet,,Willsmian
internetRestaurant,,Andeman
restaurant,,Stokol
internetBar,,Uberlandia
internetBARrestaurant,,Uberlandia
restaurantbar,,Machlessvile
PoolBar,,Hallerson
BARpoolrestaurant,,Andeman
swimmingpoolsRestaurantintrnetGymBAR,,Hallerson
barRestaurant,,Stokol
intrnetRestaurantGymSwimmingPoolsBar,,Machlessvile
RestaurantBar,,Wanderland
GymswimmingpoolsinternetBar,,Hallerson
gymswimmingpoolsrestaurant,,Hallerson
restaurantSwimmingPools,,Uberlandia
Restaurantinternet,,Machlessvile
GymrestaurantBarintrnetswimmingpools,,Stokol
restaurantintrnetBar,,Stokol
SwimmingPoolsbar,,Stokol
restaurantSwimmingPoolsBar,,Wanderland
gymBARInternetRestaurant,,Uberlandia
RestaurantGymBARPool,,Stokol
SwimmingPoolsBarGymintrnetrestaurant,,Stokol
,,Stokol
RestaurantBar,,Wanderland
Barrestaurantintrnet,,Andeman
Barrestaurant,,Stokol
intrnetbarrestaurant,,Uberlandia
barintrnetRestaurant,,Hallerson
Restaurant,,Uberlandia
gymBARswimmingpoolsrestaurant,,Andeman
InternetrestaurantBar,,Willsmian
barRestaurant,,Wanderland
GymintrnetbarpoolRestaurant,,Wanderland
swimmingpoolsBarRestaurantinternet,,Hallerson
,,Andeman
restaurantInternetBAR,,Uberlandia
barrestaurant,,Wanderland
Restaurantinternet,,Willsmian
bar,,Willsmian
,,Willsmian
GymrestaurantInternet,,Willsmian
restaurant,,Stokol
BAR,,Andeman
Restaurantbar,,Willsmian
BarSwimmingPoolsintrnetrestaurantgym,,Andeman
RestaurantBar,,Willsmian
intrnetrestaurantbar,,Andeman
BARrestaurantinternet,,Stokol
RestaurantBAR,,Hallerson
BarrestaurantGymswimmingpools,,Machlessvile
poolrestaurantbarinternet,,Hallerson
intrnet,,Andeman
Restaurant,,Wanderland
BARInternetpoolrestaurant,,Andeman
gymSwimmingPoolsinternetRestaurantBar,,Andeman
GymBARinternetRestaurant,,Uberlandia
restaurantbar,,Stokol
InternetPoolbarRestaurant,,Andeman
BARintrnet,,Andeman
,,Stokol
gymintrnetrestaurant,,Stokol
RestaurantswimmingpoolsbarGym,,Willsmian
,,Andeman
Restaurant,,Willsmian
BAR,,Machlessvile
barGymrestaurantinternet,,Stokol
barrestaurant,,Hallerson
internetbarRestaurantPool,,Hallerson
Restaurantbar,,Ubisville
RestaurantBARintrnet,,Willsmian
BARRestaurant,,Hallerson
intrnetrestaurantBar,,Stokol
PoolRestaurantbarGym,,Stokol
SwimmingPoolsBarintrnetRestaurant,,Wanderland
SwimmingPoolsBARRestaurant,,Machlessvile
restaurantBar,,Andeman
RestaurantPoolBARInternet,,Machlessvile
restaurantbar,,Stokol
Internet,,Willsmian
restaurantBar,,Wanderland
BARInternetRestaurant,,Andeman
restaurantBarintrnet,,Wanderland
intrnetSwimmingPoolsBAR,,Uberlandia
SwimmingPoolsBARrestaurant,,Stokol
restaurantBAR,,Wanderland
swimmingpoolsinternetRestaurant,,Ubisville
BARrestaurant,,Machlessvile
intrnetBARSwimmingPoolsRestaurant,,Wanderland
intrnetrestaurantBar,,Willsmian
Bar,,Wanderland
internetbarrestaurant,,Wanderland
swimmingpoolsbarrestaurantintrnet,,Hallerson
bar,,Andeman
barInternetPoolGymRestaurant,,Machlessvile
Bar,,Andeman
swimmingpoolsintrnetGym,,Wanderland
BARRestaurant,,Stokol
internetBAR,,Uberlandia
BARRestaurant,,Machlessvile
,,Hallerson
,,Hallerson
BarintrnetswimmingpoolsRestaurant,,Andeman
restaurantBar,,Willsmian
,,Stokol
restaurant,,Ubisville
BARRestaurant,,Wanderland
Restaurant,,Uberlandia
,,Willsmian
BARpoolGymRestaurant,,Stokol
restaurantBAR,,Andeman
restaurantSwimmingPools,,Stokol
poolrestaurantBargymInternet,,Stokol
restaurantBarSwimmingPoolsgym,,Willsmian
Restaurant,,Stokol
gymRestaurantBar,,Stokol
intrnetbarGympoolrestaurant,,Wanderland
Restaurant,,Machlessvile
PoolInternetBARgymrestaurant,,Andeman
BarintrnetRestaurant,,Stokol
restaurantBARintrnet,,Uberlandia
,,Andeman
Bar,,Machlessvile
Bar,,Uberlandia
RestaurantBarInternet,,Stokol
Restaurant,,Machlessvile
Gymintrnetpool,,Stokol
,,Wanderland
barrestaurantinternet,,Andeman
RestaurantBARinternet,,Machlessvile
poolrestaurant,,Stokol
barRestaurant,,Stokol
Restaurantbar,,Andeman
barpoolinternetRestaurant,,Uberlandia
BAR,,Stokol
Restaurantintrnetpool,,Hallerson
intrnetrestaurantBar,,Wanderland
BARgyminternetswimmingpoolsRestaurant,,Andeman
bar,,Wanderland
internetrestaurantbarpoolGym,,Machlessvile
RestaurantswimmingpoolsBARintrnetgym,,Machlessvile
Restaurantintrnet,,Hallerson
intrnetrestaurant,,Machlessvile
restaurantBar,,Andeman
RestaurantBARintrnet,,Andeman
intrnetBarRestaurant,,Wanderland
restaurantbar,,Hallerson
GymPoolinternetbarrestaurant,,Uberlandia
poolrestaurant,,Machlessvile
pool,,Andeman
RestaurantintrnetBar,,Machlessvile
RestaurantinternetpoolBAR,,Uberlandia
Restaurant,,Uberlandia
restaurantBar,,Stokol
bar,,Wanderland
Restaurantbar,,Stokol
RestaurantinternetBARpoolGym,,Andeman
swimmingpoolsBarGymRestaurant,,Uberlandia
barintrnetRestaurant,,Andeman
BAR,,Wanderland
intrnetbarrestaurant,,Machlessvile
restaurantintrnetBar,,Wanderland
restaurantBar,,Andeman
intrnetRestaurantBAR,,Andeman
pool,,Ubisville
Bar,,Hallerson
InternetRestaurant,,Machlessvile
restaurantgymBAR,,Hallerson
restaurantSwimmingPoolsinternetbarGym,,Machlessvile
InternetBarrestaurant,,Wanderland
barRestaurantgym,,Stokol
restaurantpool,,Willsmian
restaurantbar,,Willsmian
InternetRestaurantBAR,,Stokol
intrnet,,Machlessvile
,,Andeman
poolGymRestaurantbar,,Machlessvile
restaurantgymbarintrnet,,Hallerson
barRestaurant,,Machlessvile
barrestaurant,,Stokol
InternetgymRestaurant,,Uberlandia
SwimmingPoolsInternetGymRestaurantbar,,Machlessvile
intrnetBarPoolGym,,Wanderland
Restaurantbar,,Andeman
InternetRestaurantBar,,Ubisville
bar,,Hallerson
Restaurantbar,,Uberlandia
InternetRestaurantBar,,Uberlandia
,,Stokol
BarInternetRestaurant,,Stokol
swimmingpoolsRestaurantGymBar,,Willsmian
BARGymrestaurant,,Uberlandia
BAR,,Stokol
restaurantBarInternetswimmingpools,,Stokol
RestaurantSwimmingPools,,Uberlandia
BARPoolRestaurantintrnetGym,,Machlessvile
Bar,,Ubisville
Restaurantpoolbar,,Andeman
InternetBar,,Stokol
,,Machlessvile
BarPoolintrnetrestaurant,,Hallerson
Restaurant,,Hallerson
SwimmingPoolsrestaurantgymBAR,,Uberlandia
internetrestaurantBARpoolGym,,Willsmian
InternetbarRestaurant,,Hallerson
internetrestaurantBAR,,Uberlandia
RestaurantBar,,Machlessvile
BARRestaurant,,Wanderland
BarRestaurant,,Andeman
restaurantBARInternet,,Wanderland
,,Stokol
Restaurant,,Andeman
poolRestaurant,,Hallerson
InternetBARswimmingpoolsGym,,Andeman
,,Uberlandia
restaurant,,Uberlandia
GymbarrestaurantPool,,Wanderland
internetRestaurant,,Machlessvile
BarInternetRestaurant,,Hallerson
restaurantBar,,Uberlandia
barrestaurant,,Willsmian
BarRestaurant,,Andeman
GymInternetrestaurantBarSwimmingPools,,Uberlandia
barrestaurant,,Willsmian
restaurant,,Andeman
swimmingpoolsBargymInternetRestaurant,,Andeman
barrestaurant,,Andeman
restaurantBAR,,Andeman
barrestaurantinternet,,Andeman
InternetrestaurantBar,,Machlessvile
Internet,,Hallerson
gyminternetSwimmingPoolsBARrestaurant,,Wanderland
,,Wanderland
gymRestaurantSwimmingPoolsBARInternet,,Wanderland
restaurantBAR,,Andeman
swimmingpoolsgymRestaurantBar,,Machlessvile
internetbarrestaurant,,Wanderland
swimmingpoolsbarrestaurantgymintrnet,,Machlessvile
,,Willsmian
gymrestaurantswimmingpools,,Hallerson
restaurantbarSwimmingPools,,Andeman
gymRestaurantBarintrnetPool,,Stokol
,,Hallerson
internet,,Andeman
poolBAR,,Hallerson
Poolrestaurant,,Willsmian
gymBARrestaurantswimmingpools,,Uberlandia
Barrestaurant,,Hallerson
RestaurantintrnetBAR,,Andeman
RestaurantInternetbar,,Machlessvile
Pool,,Hallerson
intrnetRestaurantSwimmingPoolsgymBar,,Uberlandia
swimmingpoolsbarInternetRestaurant,,Stokol
barrestaurantInternet,,Andeman
BARrestaurant,,Wanderland
internet,,Wanderland
restaurantbarinternetgym,,Stokol
RestaurantInternetSwimmingPools,,Hallerson
barrestaurant,,Wanderland
internetBarrestaurant,,Willsmian
BAR,,Uberlandia
BARrestaurant,,Andeman
GymRestaurantpoolbarintrnet,,Uberlandia
bar,,Stokol
barInternet,,Willsmian
swimmingpools,,Machlessvile
gymbarinternetRestaurantPool,,Andeman
barrestaurant,,Ubisville
internetrestaurantSwimmingPools,,Wanderland
restaurantBAR,,Wanderland
restaurantPool,,Machlessvile
,,Stokol
bargymPoolRestaurant,,Hallerson
,,Uberlandia
Gymbarrestaurant,,Stokol
Pool,,Andeman
barintrnetRestaurant,,Hallerson
Barrestaurant,,Andeman
PoolBARrestaurantinternetGym,,Machlessvile
intrnetPoolRestaurant,,Machlessvile
,,Wanderland
gymintrnetPoolbarrestaurant,,Machlessvile
internetGymRestaurantBAR,,Wanderland
internet,,Wanderland
RestaurantPool,,Wanderland
PoolRestaurant,,Hallerson
InternetrestaurantPoolgymBAR,,Stokol
Bar,,Wanderland
internetRestaurant,,Uberlandia
internetbar,,Hallerson
Barrestaurant,,Stokol
Restaurant,,Wanderland
internetPoolGymBAR,,Andeman
restaurantbarswimmingpools,,Wanderland
Bar,,Uberlandia
GymRestaurantBARinternetPool,,Andeman
barswimmingpoolsRestaurant,,Stokol
BARinternetrestaurant,,Andeman
restaurantBar,,Willsmian
RestaurantBARintrnet,,Willsmian
barInternet,,Stokol
BarRestaurant,,Andeman
Internetbarrestaurant,,Uberlandia
barRestaurant,,Andeman
PoolInternetrestaurantGymBAR,,Wanderland
SwimmingPools,,Hallerson
BARRestaurantSwimmingPools,,Hallerson
GymRestaurantBarintrnetswimmingpools,,Uberlandia
InternetrestaurantPoolbar,,Wanderland
Barrestaurant,,Andeman
BARrestaurant,,Willsmian
restaurantPoolBarinternet,,Stokol
BARrestaurant,,Machlessvile
restaurant,,Stokol
poolBarinternetRestaurant,,Hallerson
restaurantBARGymswimmingpoolsInternet,,Uberlandia
BAR,,Andeman
Restaurant,,Andeman
BARgyminternetRestaurant,,Hallerson
InternetpoolbarrestaurantGym,,Wanderland
RestaurantgymSwimmingPoolsBAR,,Uberlandia
,,Willsmian
poolrestaurantbarinternet,,Andeman
internetBARrestaurant,,Stokol
GymSwimmingPools,,Ubisville
RestaurantInternet,,Machlessvile
poolRestaurantBarGym,,Andeman
restaurant,,Wanderland
restaurantBar,,Hallerson
restaurant,,Andeman
barInternetrestaurant,,Ubisville
,,Uberlandia
Restaurant,,Stokol
intrnetrestaurantBAR,,Andeman
BarrestaurantInternet,,Stokol
,,Stokol
intrnet,,Hallerson
RestaurantGym,,Uberlandia
InternetrestaurantBAR,,Wanderland
internetRestaurantBAR,,Stokol
Bargympoolrestaurant,,Wanderland
,,Andeman
RestaurantBARinternet,,Stokol
BARInternetRestaurantpool,,Hallerson
BarSwimmingPoolsRestaurantInternet,,Hallerson
Restaurantbar,,Uberlandia
barRestaurant,,Uberlandia
RestaurantBar,,Wanderland
RestaurantSwimmingPoolsBARinternet,,Uberlandia
Restaurantbar,,Machlessvile
intrnetrestaurantgymBARpool,,Stokol
poolrestaurantinternet,,Stokol
gymBARrestaurantswimmingpools,,Hallerson
restaurantInternetBAR,,Wanderland
intrnet,,Uberlandia
BARrestaurant,,Willsmian
Barintrnet,,Stokol
internetbar,,Machlessvile
PoolBar,,Wanderland
BARInternetRestaurant,,Uberlandia
BARrestaurant,,Stokol
restaurantintrnetbar,,Stokol
,,Uberlandia
barRestaurant,,Stokol
Restaurantpoolintrnetbar,,Stokol
internetRestaurantBar,,Uberlandia
BARRestaurantinternet,,Andeman
RestaurantBar,,Stokol
BARRestaurantPool,,Andeman
SwimmingPoolsrestaurantbar,,Stokol
barrestaurant,,Willsmian
Restaurant,,Uberlandia
SwimmingPoolsBAR,,Uberlandia
barRestaurant,,Hallerson
BARrestaurant,,Stokol
BAR,,Stokol
Restaurantinternet,,Stokol
RestaurantinternetBarpool,,Stokol
swimmingpools,,Stokol
Internet,,Stokol
BarRestaurant,,Stokol
RestaurantpoolBar,,Uberlandia
swimmingpoolsBarintrnetRestaurantGym,,Uberlandia
InternetRestaurantbar,,Wanderland
BARrestaurantintrnetSwimmingPools,,Andeman
RestaurantbarGymPoolInternet,,Andeman
BARrestaurant,,Uberlandia
RestaurantBAR,,Hallerson
BARRestaurantInternet,,Stokol
GymrestaurantInternetpool,,Wanderland
InternetRestaurantPoolBAR,,Uberlandia
,,Andeman
PoolgymBARrestaurant,,Willsmian
BARintrnetRestaurant,,Andeman
barpool,,Stokol
intrnetRestaurantBAR,,Andeman
RestaurantbarPoolintrnetgym,,Willsmian
intrnetBAR,,Andeman
Restaurantpool,,Andeman
RestaurantBar,,Stokol
RestaurantBarintrnet,,Willsmian
barrestaurantPoolintrnet,,Uberlandia
intrnetrestaurantSwimmingPools,,Wanderland
Barrestaurant,,Willsmian
Restaurant,,Uberlandia
RestaurantinternetBargymswimmingpools,,Wanderland
RestaurantBarSwimmingPoolsintrnet,,Stokol
barRestaurant,,Wanderland
Bar,,Wanderland
Restaurantinternetbar,,Uberlandia
restaurantBar,,Wanderland
,,Stokol
InternetBARgymrestaurantswimmingpools,,Uberlandia
restaurantBarswimmingpoolsintrnet,,Wanderland
RestaurantgymBARPool,,Uberlandia
restaurantSwimmingPoolsinternetgymBar,,Willsmian
SwimmingPoolsBARrestaurantintrnetGym,,Hallerson
intrnetBARRestaurant,,Hallerson
Barrestaurant,,Stokol
internetRestaurant,,Andeman
BarRestaurantintrnet,,Willsmian
restaurantSwimmingPoolsintrnet,,Willsmian
intrnetBAR,,Uberlandia
Restaurant,,Hallerson
BAR,,Stokol
BarInternetrestaurant,,Ubisville
RestaurantPool,,Hallerson
BARRestaurantpool,,Willsmian
InternetBar,,Machlessvile
BARRestaurant,,Stokol
swimmingpoolsbar,,Andeman
internetSwimmingPoolsbarGym,,Ubisville
RestaurantBAR,,Andeman
RestaurantInternetBAR,,Stokol
,,Stokol
BARPoolrestaurant,,Stokol
swimmingpools,,Wanderland
gymBarRestaurantSwimmingPools,,Willsmian
,,Willsmian
RestaurantInternet,,Wanderland
Internetrestaurant,,Andeman
internet,,Machlessvile
RestaurantBAR,,Andeman
BARinternetRestaurantpool,,Hallerson
Poolrestaurantgym,,Wanderland
restaurantBar,,Hallerson
,,Willsmian
,,Machlessvile
,,Machlessvile
barRestaurantGyminternet,,Wanderland
RestaurantBAR,,Stokol
barrestaurant,,Machlessvile
gymPoolrestaurantinternetBAR,,Willsmian
Bar,,Stokol
restaurantintrnetBAR,,Uberlandia
swimmingpoolsbarintrnetRestaurant,,Wanderland
SwimmingPoolsGymBarintrnet,,Machlessvile
GymrestaurantintrnetPoolBAR,,Willsmian
barintrnetrestaurant,,Stokol
restaurantPoolbarintrnet,,Andeman
RestaurantBAR,,Uberlandia
PoolBARintrnetrestaurantgym,,Willsmian
,,Willsmian
BarRestaurant,,Wanderland
intrnetrestaurantBar,,Machlessvile
swimmingpoolsRestaurantintrnet,,Wanderland
intrnetrestaurant,,Wanderland
BarInternetrestaurant,,Machlessvile
restaurant,,Stokol
,,Stokol
barrestaurant,,Uberlandia
poolbar,,Uberlandia
BARrestaurant,,Hallerson
Barpoolgymrestaurant,,Andeman
intrnetrestaurantpool,,Hallerson
InternetbarRestaurant,,Stokol
SwimmingPoolsbarrestaurant,,Andeman
Gymintrnetrestaurantbar,,Wanderland
barintrnet,,Andeman
,,Hallerson
bar,,Andeman
PoolRestaurant,,Machlessvile
Internet,,Andeman
BarinternetPoolRestaurant,,Wanderland
Restaurantbar,,Uberlandia
RestaurantBARgymPool,,Wanderland
restaurantinternet,,Machlessvile
barrestaurant,,Wanderland
RestaurantBar,,Willsmian
bar,,Andeman
bar,,Hallerson
restaurantbar,,Willsmian
BARSwimmingPoolsInternet,,Wanderland
BARrestaurant,,Willsmian
,,Hallerson
gymswimmingpoolsRestaurantBAR,,Uberlandia
RestaurantInternetBarGym,,Andeman
restaurantBar,,Stokol
BARrestaurant,,Stokol
SwimmingPoolsrestaurant,,Wanderland
,,Uberlandia
Bar,,Stokol
swimmingpoolsRestaurantintrnet,,Stokol
restaurant,,Uberlandia
intrnet,,Hallerson
gymRestaurantswimmingpoolsBarintrnet,,Andeman
intrnetRestaurantbar,,Andeman
,,Wanderland
intrnetrestaurantpool,,Andeman
RestaurantBar,,Willsmian
RestaurantBar,,Hallerson
,,Hallerson
SwimmingPoolsRestaurantgyminternetbar,,Hallerson
RestaurantinternetBAR,,Andeman
intrnetBARRestaurant,,Stokol
BARRestaurant,,Uberlandia
barpoolintrnet,,Hallerson
Restaurant,,Stokol
BargymPool,,Stokol
restaurantBAR,,Stokol
RestaurantgymBARintrnet,,Uberlandia
barRestaurant,,Machlessvile
barInternetrestaurant,,Wanderland
restaurantswimmingpools,,Stokol
BARintrnet,,Wanderland
internetbarGympoolrestaurant,,Uberlandia
GymPoolRestaurant,,Wanderland
internetRestaurantBarSwimmingPools,,Hallerson
Restaurant,,Machlessvile
poolrestaurantInternetBar,,Hallerson
BarRestaurant,,Uberlandia
gymSwimmingPoolsRestaurantbar,,Stokol
gymBarInternetPoolRestaurant,,Stokol
internetBarSwimmingPoolsRestaurant,,Hallerson
GymbarswimmingpoolsInternetrestaurant,,Stokol
Restaurant,,Andeman
barpoolinternet,,Uberlandia
BARrestaurant,,Hallerson
,,Willsmian
intrnetrestaurant,,Willsmian
BarintrnetRestaurant,,Stokol
,,Uberlandia
,,Wanderland
restaurantBargym,,Willsmian
swimmingpoolsBARRestaurantinternet,,Wanderland
GymSwimmingPoolsrestaurant,,Stokol
restaurantBAR,,Andeman
Pool,,Uberlandia
restaurantbarSwimmingPools,,Stokol
Barintrnetswimmingpools,,Andeman
RestaurantBAR,,Hallerson
intrnetswimmingpoolsRestaurant,,Machlessvile
barRestaurant,,Stokol
restaurantinternet,,Hallerson
,,Hallerson
BARpoolrestaurantInternetgym,,Wanderland
internetBarRestaurant,,Hallerson
,,Machlessvile
BARRestaurant,,Machlessvile
RestaurantBar,,Hallerson
Restaurantintrnet,,Machlessvile
Restaurantgymswimmingpoolsbar,,Andeman
,,Stokol
barinternetPool,,Hallerson
poolBAR,,Stokol
swimmingpoolsGymintrnet,,Uberlandia
intrnetBar,,Hallerson
Restaurantintrnetbar,,Wanderland
gymBARSwimmingPoolsrestaurant,,Willsmian
,,Wanderland
RestaurantInternetBar,,Andeman
InternetrestaurantgymSwimmingPoolsBar,,Wanderland
,,Uberlandia
RestaurantinternetBAR,,Machlessvile
gymRestaurantBARswimmingpoolsInternet,,Stokol
restaurantinternetBARPool,,Andeman
barrestaurant,,Andeman
RestaurantBar,,Stokol
BARrestaurant,,Stokol
restaurantBAR,,Stokol
,,Uberlandia
intrnetbarRestaurant,,Uberlandia
BarRestaurant,,Hallerson
BARswimmingpoolsgymRestaurantInternet,,Andeman
RestaurantintrnetGymswimmingpoolsBAR,,Uberlandia
intrnet,,Stokol
intrnetgymBarRestaurant,,Ubisville
internetBAR,,Uberlandia
RestaurantBarGymintrnet,,Uberlandia
RestaurantSwimmingPools,,Uberlandia
restaurant,,Andeman
,,Uberlandia
Restaurantbar,,Hallerson
barRestaurantpoolinternet,,Stokol
internet,,Willsmian
restaurantBAR,,Hallerson
InternetRestaurantPool,,Stokol
intrnet,,Uberlandia
restaurantInternet,,Hallerson
barRestaurant,,Andeman
BARrestaurant,,Uberlandia
barInternetGympoolRestaurant,,Uberlandia
Gymswimmingpoolsrestaurant,,Hallerson
internetgymrestaurantBarpool,,Stokol
restaurantInternetBar,,Andeman
poolBarinternetrestaurantGym,,Willsmian
restaurantbar,,Stokol
Barrestaurant,,Hallerson
restaurantbar,,Hallerson
Internetbarrestaurant,,Wanderland
Internetbarrestaurant,,Stokol
swimmingpoolsGymRestaurant,,Andeman
restaurantPool,,Andeman
RestaurantPoolInternet,,Uberlandia
Restaurantbar,,Stokol
Restaurantbar,,Wanderland
PoolBARRestaurantgymInternet,,Stokol
Restaurant,,Stokol
Internet,,Stokol
Internetrestaurant,,Andeman
intrnetRestaurant,,Uberlandia
RestaurantintrnetBAR,,Willsmian
Barrestaurant,,Wanderland
restaurantbar,,Uberlandia
BARRestaurant,,Wanderland
RestaurantBARpoolGymInternet,,Wanderland
Restaurantinternet,,Stokol
Restaurant,,Uberlandia
BARrestaurantgymswimmingpools,,Stokol
RestaurantinternetBAR,,Wanderland
intrnetRestaurantBAR,,Uberlandia
GymRestaurant,,Stokol
BarRestaurantSwimmingPoolsInternet,,Wanderland
barPoolgymrestaurant,,Willsmian
RestaurantBAR,,Andeman
internet,,Wanderland
RestaurantInternetSwimmingPools,,Hallerson
BarGymSwimmingPoolsRestaurant,,Stokol
,,Willsmian
BARrestaurantPoolInternet,,Hallerson
RestaurantBar,,Uberlandia
BarInternetrestaurant,,Andeman
restaurantBARintrnet,,Hallerson
RestaurantbargymPool,,Willsmian
restaurantSwimmingPoolsBarGym,,Stokol
restaurantinternet,,Stokol
,,Uberlandia
BarRestaurant,,Andeman
barrestaurant,,Wanderland
Barrestaurantintrnet,,Uberlandia
RestaurantBar,,Uberlandia
Barrestaurantintrnet,,Hallerson
intrnetBar,,Willsmian
restaurantBar,,Stokol
Barrestaurant,,Willsmian
BarrestaurantGymswimmingpools,,Andeman
intrnetRestaurantBAR,,Andeman
barrestaurant,,Stokol
Barrestaurant,,Andeman
Pool,,Andeman
BarRestaurantpoolintrnet,,Willsmian
,,Uberlandia
restaurantBar,,Willsmian
InternetRestaurantGymSwimmingPoolsbar,,Wanderland
BarRestaurantinternet,,Machlessvile
gympoolBarRestaurant,,Hallerson
Barrestaurant,,Uberlandia
BARRestaurant,,Uberlandia
BAR,,Stokol
BarRestaurant,,Andeman
restaurantintrnetSwimmingPools,,Wanderland
,,Hallerson
BARrestaurant,,Machlessvile
restaurantInternetbar,,Hallerson
,,Uberlandia
intrnetBARRestaurant,,Uberlandia
barSwimmingPoolsGymrestaurant,,Andeman
BarRestaurantinternetswimmingpoolsgym,,Andeman
restaurantbarInternetpool,,Andeman
BarRestaurantInternetgympool,,Wanderland
BarSwimmingPoolsRestaurant,,Stokol
swimmingpoolsBAR,,Stokol
InternetRestaurant,,Andeman
gymintrnetRestaurant,,Wanderland
,,Wanderland
Restaurant,,Willsmian
RestaurantBAR,,Machlessvile
RestaurantBarInternet,,Willsmian
restaurantgymBar,,Hallerson
RestaurantBAR,,Uberlandia
swimmingpoolsBarintrnetrestaurantgym,,Uberlandia
gymInternetrestaurantpoolBar,,Hallerson
SwimmingPoolsrestaurantBargymInternet,,Stokol
Barintrnet,,Willsmian
barRestaurant,,Andeman
RestaurantInternetBAR,,Wanderland
SwimmingPoolsbarinternet,,Hallerson
BARintrnetRestaurant,,Willsmian
BAR,,Ubisville
restaurantBAR,,Machlessvile
BarInternetrestaurant,,Wanderland
SwimmingPoolsRestaurant,,Andeman
Restaurant,,Wanderland
BARswimmingpoolsRestaurantGym,,Ubisville
RestaurantInternet,,Wanderland
RestaurantSwimmingPools,,Stokol
poolintrnetbarRestaurant,,Uberlandia
InternetrestaurantBAR,,Machlessvile
RestaurantBARintrnet,,Andeman
,,Wanderland
Bar,,Andeman
restaurantintrnetBar,,Wanderland
Internetrestaurant,,Stokol
BarInternet,,Wanderland
restaurantswimmingpools,,Stokol
internet,,Stokol
Poolgym,,Uberlandia
RestaurantBARPool,,Stokol
RestaurantBar,,Willsmian
Restaurant,,Andeman
RestaurantBARInternetpool,,Stokol
poolRestaurant,,Machlessvile
,,Willsmian
restaurantswimmingpools,,Andeman
restaurantinternetSwimmingPoolsBarGym,,Stokol
BARinternet,,Hallerson
BAR,,Stokol
BARrestaurant,,Stokol
PoolgymRestaurant,,Stokol
BARInternet,,Wanderland
Restaurant,,Andeman
restaurant,,Hallerson
BarInternetRestaurant,,Stokol
barRestaurantpool,,Uberlandia
intrnetpoolRestaurant,,Stokol
Barrestaurantintrnet,,Machlessvile
RestaurantinternetBar,,Machlessvile
restaurant,,Machlessvile
,,Andeman
intrnetRestaurant,,Stokol
barPoolgymRestaurant,,Andeman
Internetrestaurant,,Stokol
intrnet,,Stokol
BarRestaurant,,Wanderland
barpoolinternet,,Stokol
restaurantinternet,,Willsmian
,,Wanderland
restaurantintrnetbar,,Willsmian
PoolBAR,,Andeman
gymBarpool,,Hallerson
BARRestaurant,,Wanderland
SwimmingPoolsRestaurant,,Andeman
barRestaurant,,Uberlandia
BarRestaurantinternet,,Wanderland
restaurantbarintrnetgymSwimmingPools,,Ubisville
restaurantbar,,Wanderland
gymBarRestaurantpool,,Uberlandia
RestaurantInternetBar,,Wanderland
Restaurant,,Stokol
Restaurantinternetbarswimmingpools,,Uberlandia
BARintrnetRestaurant,,Stokol
Barrestaurant,,Andeman
Restaurant,,Stokol
intrnetrestaurantpoolBAR,,Hallerson
intrnet,,Wanderland
restaurantBAR,,Wanderland
barPoolRestaurant,,Andeman
,,Hallerson
Restaurant,,Stokol
Restaurantinternetbar,,Hallerson
gymrestaurantswimmingpoolsBAR,,Machlessvile
barrestaurant,,Willsmian
poolbarrestaurant,,Wanderland
InternetBARswimmingpoolsrestaurant,,Uberlandia
barRestaurantintrnet,,Willsmian
,,Machlessvile
barRestaurantInternetGymswimmingpools,,Hallerson
restaurant,,Wanderland
poolBARRestaurant,,Stokol
poolrestaurantBAR,,Ubisville
swimmingpoolsintrnetrestaurantbar,,Willsmian
poolBARInternet,,Wanderland
InternetswimmingpoolsrestaurantBAR,,Stokol
Restaurantpool,,Ubisville
barrestaurantInternet,,Uberlandia
,,Wanderland
gymBARrestaurantSwimmingPoolsintrnet,,Machlessvile
InternetrestaurantbarGym,,Stokol
restaurantBar,,Willsmian
RestaurantinternetBar,,Uberlandia
restaurantinternetBAR,,Uberlandia
BARrestaurant,,Stokol
,,Hallerson
restaurantbarGymintrnet,,Wanderland
restaurantintrnetBarSwimmingPools,,Willsmian
SwimmingPoolsInternetrestaurant,,Wanderland
restaurantInternetBarPoolGym,,Uberlandia
gymInternetrestaurantbar,,Uberlandia
BAR,,Stokol
Restaurant,,Willsmian
restaurantBARInternet,,Andeman
RestaurantBar,,Ubisville
restaurant,,Machlessvile
Internetrestaurantbar,,Stokol
RestaurantSwimmingPoolsintrnet,,Willsmian
intrnet,,Machlessvile
Gymrestaurantinternetswimmingpoolsbar,,Andeman
restaurantBAR,,Andeman
,,Stokol
GymRestaurant,,Wanderland
,,Hallerson
RestaurantBAR,,Andeman
InternetBar,,Uberlandia
barRestaurant,,Willsmian
poolBarRestaurant,,Machlessvile
BARRestaurant,,Hallerson
,,Machlessvile
Gymintrnetbarswimmingpools,,Uberlandia
RestaurantBar,,Uberlandia
,,Willsmian
,,Uberlandia
BAR,,Stokol
PoolRestaurantintrnetbar,,Willsmian
RestaurantBar,,Uberlandia
intrnetbarrestaurant,,Stokol
GymbarSwimmingPoolsinternet,,Hallerson
restaurantPool,,Wanderland
barRestaurantInternet,,Hallerson
internetrestaurant,,Uberlandia
swimmingpoolsBARrestaurantInternet,,Stokol
,,Wanderland
RestaurantPoolinternetbargym,,Andeman
,,Andeman
RestaurantBar,,Uberlandia
BargymInternetpoolRestaurant,,Hallerson
RestaurantBarswimmingpools,,Willsmian
InternetBARPoolRestaurant,,Uberlandia
RestaurantBargymPool,,Wanderland
gymBarRestaurant,,Wanderland
RestaurantBar,,Stokol
restaurant,,Andeman
BARgymRestaurant,,Andeman
swimmingpools,,Stokol
Barrestaurant,,Stokol
Restaurant,,Wanderland
BARrestaurant,,Hallerson
internetrestaurantBargymSwimmingPools,,Andeman
RestaurantintrnetBar,,Uberlandia
internetBar,,Stokol
internetrestaurantbar,,Uberlandia
Bar,,Hallerson
swimmingpoolsrestaurant,,Wanderland
bar,,Stokol
barrestaurant,,Stokol
restaurant,,Hallerson
internetBargymRestaurant,,Willsmian
,,Stokol
InternetbarRestaurant,,Ubisville
Restaurantbar,,Hallerson
Barpoolrestaurantinternet,,Andeman
Restaurant,,Uberlandia
swimmingpoolsinternetRestaurantGym,,Willsmian
Restaurant,,Wanderland
Restaurant,,Uberlandia
,,Stokol
PoolBarintrnet,,Stokol
SwimmingPoolsRestaurantBar,,Hallerson
restaurantgymbarswimmingpools,,Ubisville
internetRestaurantbar,,Hallerson
RestaurantBAR,,Stokol
Restaurantbar,,Hallerson
Restaurantinternetpoolbar,,Wanderland
,,Andeman
internetRestaurantPool,,Andeman
GymInternetBARRestaurant,,Andeman
restaurantBAR,,Hallerson
RestaurantSwimmingPoolsInternet,,Hallerson
RestaurantBAR,,Ubisville
restaurant,,Willsmian
restaurantBar,,Hallerson
,,Willsmian
restaurantinternetbar,,Hallerson
gympoolBARrestaurant,,Uberlandia
Internetbarrestaurant,,Andeman
BARRestaurant,,Willsmian
restaurantBARinternet,,Machlessvile
SwimmingPoolsgymRestaurantinternet,,Andeman
RestaurantbarSwimmingPools,,Wanderland
,,Andeman
barrestaurant,,Willsmian
RestaurantBarintrnetPool,,Wanderland
Restaurant,,Andeman
intrnetBARgymRestaurantswimmingpools,,Willsmian
BARrestaurant,,Hallerson
RestaurantBar,,Wanderland
Bar,,Andeman
PoolInternetrestaurantGymBAR,,Ubisville
RestaurantInternetBAR,,Stokol
barRestaurantintrnet,,Willsmian
RestaurantSwimmingPools,,Andeman
Restaurantswimmingpoolsintrnet,,Stokol
restaurantBar,,Stokol
barRestaurant,,Andeman
GymBARrestaurant,,Wanderland
SwimmingPoolsinternetBARRestaurantGym,,Wanderland
RestaurantBarintrnet,,Stokol
internetbarRestaurant,,Stokol
Restaurant,,Hallerson
InternetGymRestaurantbar,,Wanderland
Bar,,Stokol
internet,,Willsmian
intrnetRestaurantbar,,Andeman
RestaurantBar,,Willsmian
RestaurantBAR,,Uberlandia
poolBARRestaurant,,Uberlandia
RestaurantBAR,,Hallerson
restaurantGymBar,,Machlessvile
Barpool,,Stokol
RestaurantBAR,,Stokol
barswimmingpoolsrestaurant,,Wanderland
BARInternetgymRestaurant,,Andeman
restaurantbarintrnet,,Stokol
intrnetBAR,,Stokol
swimmingpoolsGymInternetBARRestaurant,,Uberlandia
,,Andeman
BARrestaurantInternet,,Andeman
gymrestaurant,,Wanderland
BARrestaurant,,Willsmian
restaurantintrnetbar,,Wanderland
BarrestaurantInternet,,Willsmian
Restaurantintrnetswimmingpoolsbar,,Uberlandia
,,Wanderland
PoolGymBarRestaurant,,Uberlandia
restaurant,,Wanderland
,,Machlessvile
BARInternetRestaurantpool,,Stokol
restaurantintrnetBAR,,Machlessvile
barrestaurant,,Willsmian
barpoolrestaurant,,Ubisville
intrnetBAR,,Hallerson
Restaurantbar,,Willsmian
,,Wanderland
Barrestaurant,,Wanderland
,,Hallerson
RestaurantPoolbargym,,Uberlandia
RestaurantSwimmingPoolsbarintrnet,,Hallerson
gymRestaurantSwimmingPoolsBARinternet,,Uberlandia
BAR,,Uberlandia
restaurant,,Wanderland
gymbarSwimmingPoolsrestaurant,,Hallerson
PoolBarGymrestaurant,,Willsmian
Restaurantpool,,Machlessvile
Barinternetrestaurant,,Wanderland
intrnetBarrestaurant,,Andeman
Restaurant,,Hallerson
Bar,,Hallerson
intrnetgymBARRestaurant,,Hallerson
barswimmingpoolsgym,,Willsmian
intrnetpoolBARgym,,Uberlandia
bar,,Stokol
Internetbarrestaurant,,Uberlandia
swimmingpoolsrestaurantinternet,,Andeman
intrnetRestaurantbar,,Willsmian
,,Stokol
RestaurantgymInternetBar,,Uberlandia
,,Wanderland
restaurantbar,,Andeman
SwimmingPoolsgymBARintrnetRestaurant,,Hallerson
barrestaurant,,Andeman
poolBar,,Andeman
barinternetRestaurantpool,,Stokol
RestaurantBARswimmingpools,,Hallerson
Restaurant,,Stokol
intrnetrestaurantSwimmingPools,,Andeman
InternetPoolRestaurantGym,,Uberlandia
,,Andeman
,,Wanderland
intrnetBarswimmingpoolsgymRestaurant,,Andeman
restaurantBar,,Machlessvile
,,Ubisville
GymBARswimmingpoolsInternetrestaurant,,Stokol
poolbar,,Uberlandia
RestaurantBarPoolinternet,,Andeman
SwimmingPoolsRestaurantintrnet,,Uberlandia
BAR,,Uberlandia
restaurantbarintrnet,,Wanderland
restaurantbar,,Andeman
SwimmingPoolsRestaurantInternet,,Hallerson
restaurantswimmingpoolsBAR,,Uberlandia
barRestaurantinternet,,Ubisville
barInternetGym,,Wanderland
BARrestaurant,,Andeman
BarpoolGym,,Wanderland
restaurantbar,,Wanderland
internetpoolBARrestaurant,,Hallerson
,,Wanderland
BarRestaurantintrnet,,Willsmian
,,Machlessvile
BARintrnetRestaurantPoolGym,,Ubisville
restaurantbarGympool,,Wanderland
BARRestaurant,,Andeman
BarRestaurant,,Wanderland
BARRestaurant,,Stokol
BarInternetGymSwimmingPoolsrestaurant,,Andeman
InternetRestaurantBAR,,Hallerson
,,Hallerson
restaurantBAR,,Machlessvile
PoolrestaurantgymBar,,Willsmian
,,Stokol
RestaurantinternetBAR,,Hallerson
Bar,,Andeman
bar,,Ubisville
BARRestaurant,,Andeman
restaurantbarintrnet,,Uberlandia
SwimmingPools,,Willsmian
RestaurantBARswimmingpools,,Willsmian
BARRestaurant,,Stokol
restaurantbarInternet,,Stokol
gyminternetPoolrestaurantbar,,Uberlandia
gymPoolBar,,Andeman
restaurantintrnetBAR,,Willsmian
restaurant,,Stokol
BARPoolrestaurant,,Uberlandia
restaurantGymbarInternetSwimmingPools,,Hallerson
internetRestaurant,,Hallerson
,,Stokol
poolbarinternetrestaurantGym,,Hallerson
Restaurantintrnet,,Andeman
BarRestaurant,,Stokol
restaurantbarGymSwimmingPools,,Ubisville
BARSwimmingPoolsrestaurantinternet,,Uberlandia
swimmingpoolsInternetBAR,,Andeman
RestaurantBarGymPoolinternet,,Wanderland
BARPoolRestaurantgym,,Hallerson
internet,,Hallerson
gymRestaurant,,Willsmian
restaurantBar,,Stokol
,,Hallerson
barintrnetrestaurant,,Andeman
Internetrestaurantgymbar,,Machlessvile
poolBar,,Andeman
restaurantgymintrnetBAR,,Ubisville
GymSwimmingPoolsInternetBARrestaurant,,Hallerson
restaurant,,Hallerson
barInternet,,Wanderland
intrnetRestaurantBar,,Uberlandia
intrnetRestaurantpoolbar,,Uberlandia
BARinternetRestaurant,,Andeman
restaurantswimmingpoolsBar,,Hallerson
GymRestaurantBARinternet,,Stokol
RestaurantintrnetBar,,Machlessvile
,,Hallerson
Restaurantbar,,Andeman
barRestaurant,,Ubisville
Barinternetrestaurant,,Machlessvile
intrnetpoolrestaurant,,Stokol
internetrestaurantbarSwimmingPools,,Andeman
barRestaurant,,Willsmian
InternetgymBARswimmingpoolsRestaurant,,Uberlandia
restaurant,,Uberlandia
PoolgymrestaurantBAR,,Stokol
RestaurantSwimmingPoolsGymBar,,Wanderland
,,Hallerson
RestaurantBar,,Andeman
restaurantBAR,,Hallerson
restaurantBAR,,Wanderland
,,Hallerson
swimmingpoolsgymRestaurantInternetBar,,Hallerson
restaurantInternetbar,,Andeman
intrnetGymBARPoolrestaurant,,Wanderland
InternetswimmingpoolsgymBar,,Andeman
Restaurantbar,,Hallerson
BAR,,Wanderland
,,Uberlandia
BAR,,Andeman
GymRestaurantSwimmingPoolsBarInternet,,Willsmian
gymBARSwimmingPoolsrestaurant,,Machlessvile
BARRestaurant,,Hallerson
BARSwimmingPoolsrestaurant,,Andeman
,,Uberlandia
SwimmingPoolsrestaurantgymInternetbar,,Hallerson
BARrestaurant,,Hallerson
BAR,,Machlessvile
RestaurantInternet,,Wanderland
RestaurantbarInternetswimmingpools,,Stokol
gympoolintrnetrestaurantbar,,Machlessvile
Barrestaurant,,Andeman
RestaurantBARInternet,,Ubisville
BarRestaurant,,Hallerson
barintrnet,,Andeman
,,Andeman
BARGympoolrestaurantInternet,,Machlessvile
RestaurantGymswimmingpoolsintrnetbar,,Stokol
BARrestaurant,,Andeman
barswimmingpoolsgymInternetRestaurant,,Wanderland
PoolRestaurantBARGym,,Hallerson
RestaurantInternetgympoolBAR,,Ubisville
internetPoolrestaurant,,Andeman
barInternetGymSwimmingPools,,Willsmian
intrnetBARRestaurant,,Hallerson
RestaurantBarSwimmingPoolsgym,,Andeman
intrnetrestaurant,,Hallerson
,,Machlessvile
BarRestaurant,,Machlessvile
BARrestaurant,,Willsmian
internetBargymrestaurantswimmingpools,,Uberlandia
BarswimmingpoolsintrnetgymRestaurant,,Wanderland
gymRestaurantintrnetBARPool,,Machlessvile
Bar,,Wanderland
RestaurantPoolbarGym,,Uberlandia
bar,,Machlessvile
,,Andeman
,,Wanderland
barrestaurant,,Hallerson
Restaurantbar,,Machlessvile
restaurantbar,,Willsmian
BARRestaurantPool,,Wanderland
Barintrnet,,Wanderland
restaurantInternetBAR,,Hallerson
BARgymrestaurantPool,,Uberlandia
restaurantBar,,Hallerson
SwimmingPoolsGymbarrestaurantInternet,,Hallerson
RestaurantbarPoolInternet,,Uberlandia
,,Andeman
RestaurantBAR,,Hallerson
BarRestaurantPool,,Wanderland
restaurantgymBARpoolintrnet,,Hallerson
intrnet,,Hallerson
BarswimmingpoolsintrnetGymrestaurant,,Stokol
barRestaurant,,Stokol
BARrestaurant,,Stokol
restaurantBar,,Uberlandia
BARRestaurant,,Wanderland
barrestaurant,,Willsmian
restaurantBar,,Willsmian
BARpoolRestaurantinternet,,Willsmian
BAR,,Hallerson
RestaurantBargyminternet,,Andeman
BarSwimmingPoolsInternetRestaurant,,Machlessvile
GyminternetBarrestaurantpool,,Uberlandia
BARGymrestaurantpool,,Stokol
,,Wanderland
bar,,Willsmian
BARrestaurant,,Uberlandia
Barrestaurant,,Uberlandia
Restaurantswimmingpoolsinternet,,Hallerson
restaurantBAR,,Machlessvile
BARrestaurant,,Ubisville
RestaurantBar,,Uberlandia
BARinternetRestaurant,,Ubisville
Restaurantbar,,Ubisville
Bar,,Wanderland
BarRestaurant,,Stokol
BAR,,Willsmian
Restaurantinternet,,Hallerson
Barrestaurantinternet,,Stokol
RestaurantBAR,,Hallerson
RestaurantBARinternetSwimmingPools,,Uberlandia
swimmingpoolsrestaurantgymBar,,Stokol
PoolbarrestaurantGym,,Machlessvile
BAR,,Hallerson
PoolRestaurant,,Stokol
swimmingpoolsrestaurantbar,,Wanderland
SwimmingPoolsBARRestaurant,,Uberlandia
Restaurant,,Wanderland
restaurantBAR,,Willsmian
,,Hallerson
,,Hallerson
BarpoolRestaurantinternet,,Andeman
Internetbarpool,,Willsmian
PoolBarGymrestaurant,,Andeman
Restaurantpool,,Andeman
InternetBarrestaurant,,Hallerson
restaurantbargympool,,Andeman
gymBarrestaurant,,Stokol
BARrestaurant,,Stokol
barInternet,,Willsmian
BARRestaurant,,Uberlandia
SwimmingPoolsBARGyminternet,,Andeman
gympoolRestaurant,,Andeman
restaurantBargym,,Ubisville
BargymRestaurant,,Hallerson
restaurant,,Uberlandia
barrestaurantPool,,Hallerson
restaurantGym,,Hallerson
barRestaurant,,Willsmian
Barrestaurant,,Wanderland
BarInternet,,Ubisville
barPoolrestaurantInternet,,Wanderland
internet,,Wanderland
Barswimmingpoolsintrnet,,Willsmian
InternetrestaurantBar,,Hallerson
internetSwimmingPoolsBar,,Machlessvile
bar,,Andeman
SwimmingPoolsRestaurantinternet,,Willsmian
Restaurant,,Wanderland
barrestaurant,,Andeman
BARRestaurantintrnetGym,,Uberlandia
,,Stokol
restaurantInternetPool,,Uberlandia
Restaurant,,Stokol
BarrestaurantInternet,,Wanderland
barintrnetrestaurant,,Andeman
gymrestaurantBARswimmingpools,,Machlessvile
RestaurantBAR,,Andeman
restaurantBar,,Hallerson
BARrestaurantSwimmingPoolsGymInternet,,Andeman
,,Hallerson
,,Andeman
Restaurant,,Machlessvile
restaurantInternet,,Wanderland
GymintrnetBARSwimmingPoolsRestaurant,,Hallerson
,,Stokol
barrestaurantintrnet,,Uberlandia
,,Machlessvile
Internet,,Uberlandia
gymrestaurantinternetBAR,,Uberlandia
RestaurantGymBarpool,,Willsmian
,,Uberlandia
bar,,Wanderland
restaurantInternetBar,,Andeman
Restaurant,,Stokol
BarrestaurantSwimmingPools,,Ubisville
,,Machlessvile
,,Uberlandia
swimmingpoolsbarintrnet,,Wanderland
intrnetrestaurantBar,,Andeman
barintrnetRestaurant,,Hallerson
RestaurantBAR,,Stokol
BarRestaurant,,Stokol
InternetBAR,,Uberlandia
InternetPoolGym,,Stokol
RestaurantGym,,Willsmian
BARRestaurant,,Andeman
BarRestaurant,,Hallerson
BarInternetRestaurant,,Ubisville
RestaurantinternetBARGym,,Uberlandia
RestaurantBAR,,Andeman
intrnetSwimmingPoolsBarrestaurantgym,,Uberlandia
,,Willsmian
RestaurantBar,,Uberlandia
,,Hallerson
BAR,,Stokol
internetBARRestaurant,,Willsmian
,,Wanderland
BARRestaurant,,Andeman
barpoolrestaurantintrnet,,Hallerson
swimmingpoolsRestaurantBar,,Andeman
BARRestaurant,,Hallerson
Restaurant,,Andeman
RestaurantPoolBAR,,Stokol
bar,,Wanderland
GymPoolBarRestaurant,,Andeman
BARrestaurantgymInternet,,Machlessvile
,,Andeman
internetGymswimmingpoolsRestaurantBar,,Hallerson
intrnetbarrestaurant,,Ubisville
restaurantBAR,,Stokol
bar,,Machlessvile
poolrestaurantBAR,,Wanderland
RestaurantinternetBar,,Uberlandia
PoolGyminternetRestaurant,,Machlessvile
SwimmingPoolsInternetbarRestaurant,,Andeman
,,Stokol
Poolrestaurant,,Stokol
barInternetrestaurant,,Wanderland
BARrestaurant,,Andeman
Barintrnetrestaurant,,Machlessvile
intrnetBARRestaurant,,Wanderland
RestaurantBAR,,Willsmian
Restaurant,,Uberlandia
,,Wanderland
gymBARSwimmingPoolsrestaurantintrnet,,Willsmian
BARrestaurantintrnetGymPool,,Stokol
barinternetrestaurant,,Uberlandia
barrestaurant,,Stokol
barrestaurantInternet,,Stokol
restaurant,,Ubisville
swimmingpoolsrestaurant,,Ubisville
,,Stokol
SwimmingPoolsbarintrnetRestaurant,,Stokol
restaurantbarintrnet,,Andeman
,,Willsmian
gymRestaurantInternetBARSwimmingPools,,Stokol
restaurant,,Wanderland
restaurantBAR,,Willsmian
poolintrnetRestaurantBAR,,Stokol
GymInternetRestaurantBARpool,,Andeman
bar,,Andeman
restaurantBar,,Uberlandia
barintrnetGymRestaurantpool,,Willsmian
BARrestaurantSwimmingPools,,Willsmian
restaurantGymbarInternet,,Andeman
internet,,Machlessvile
Internetswimmingpoolsgym,,Willsmian
RestaurantInternet,,Hallerson
restaurant,,Hallerson
Restaurantbar,,Machlessvile
restaurantInternetBAR,,Stokol
BAR,,Stokol
BARRestaurant,,Wanderland
,,Andeman
poolbarGym,,Uberlandia
Bar,,Andeman
restaurant,,Ubisville
gymBarswimmingpoolsrestaurant,,Uberlandia
restaurantbar,,Uberlandia
barInternet,,Andeman
swimmingpoolsInternetrestaurant,,Andeman
poolrestaurantbar,,Stokol
internetSwimmingPoolsRestaurantBar,,Willsmian
BARRestaurantintrnetSwimmingPools,,Hallerson
barRestaurant,,Stokol
intrnetBarrestaurant,,Stokol
RestaurantSwimmingPoolsBAR,,Wanderland
GymBarPoolInternetrestaurant,,Andeman
swimmingpoolsgymRestaurantbar,,Hallerson
Restaurantswimmingpools,,Stokol
internetbarRestaurant,,Stokol
RestaurantBAR,,Machlessvile
BARRestaurant,,Stokol
Barrestaurantintrnet,,Willsmian
InternetrestaurantBar,,Stokol
BarInternetrestaurant,,Andeman
swimmingpoolsBargymRestaurant,,Hallerson
restaurantInternetBar,,Hallerson
restaurantintrnetbar,,Uberlandia
,,Stokol
internetrestaurantbar,,Hallerson
Restaurantbar,,Andeman
BARSwimmingPoolsInternetRestaurant,,Machlessvile
InternetrestaurantBarSwimmingPools,,Ubisville
poolInternetgym,,Andeman
RestaurantBar,,Wanderland
restaurant,,Machlessvile
Bar,,Wanderland
RestaurantSwimmingPoolsinternetBar,,Machlessvile
BARintrnetrestaurantPool,,Willsmian
barrestaurant,,Uberlandia
RestaurantintrnetBar,,Wanderland
barinternetRestaurant,,Hallerson
internetGymswimmingpoolsbar,,Uberlandia
BarrestaurantInternetgym,,Andeman
barRestaurantInternet,,Ubisville
BARrestaurant,,Andeman
SwimmingPoolsBARGymrestaurant,,Machlessvile
Restaurantbar,,Stokol
Internet,,Andeman
Restaurantinternet,,Hallerson
restaurantInternetBar,,Andeman
internetBarrestaurant,,Stokol
gymbarPoolrestaurant,,Uberlandia
BarRestaurant,,Machlessvile
RestaurantBar,,Andeman
restaurantInternet,,Uberlandia
restaurantintrnetpool,,Andeman
gymBarRestaurant,,Andeman
restaurantBAR,,Stokol
RestaurantBar,,Uberlandia
,,Hallerson
Bar,,Ubisville
Restaurantbarintrnet,,Hallerson
poolBarRestaurantgymInternet,,Hallerson
intrnetBARRestaurant,,Stokol
RestaurantinternetBar,,Wanderland
barrestaurantinternet,,Andeman
InternetrestaurantBARswimmingpoolsgym,,Andeman
BarInternet,,Ubisville
Internetbar,,Ubisville
SwimmingPoolsBARinternetRestaurantgym,,Willsmian
restaurantBAR,,Machlessvile
,,Uberlandia
BarRestaurant,,Ubisville
RestaurantbarSwimmingPoolsinternet,,Willsmian
bargyminternetSwimmingPools,,Uberlandia
intrnetbarrestaurant,,Hallerson
SwimmingPoolsBARinternetrestaurant,,Stokol
,,Machlessvile
gymInternetBarRestaurant,,Hallerson
bar,,Stokol
RestaurantinternetpoolGymBAR,,Wanderland
Restaurantbar,,Ubisville
Restaurant,,Andeman
restaurantgym,,Uberlandia
poolBARrestaurant,,Willsmian
,,Willsmian
gymRestaurant,,Hallerson
Barrestaurantinternet,,Hallerson
intrnetBARRestaurant,,Stokol
Restaurantintrnetbar,,Willsmian
poolGymrestaurantbar,,Ubisville
RestaurantinternetBarPoolGym,,Andeman
,,Willsmian
InternetBar,,Uberlandia
BARrestaurant,,Hallerson
restaurant,,Stokol
restaurant,,Willsmian
,,Stokol
InternetRestaurantBARswimmingpools,,Stokol
,,Machlessvile
Restaurantbar,,Uberlandia
restaurant,,Stokol
Bar,,Wanderland
Barinternetrestaurantgym,,Machlessvile
RestaurantBar,,Stokol
restaurant,,Andeman
BARGymRestaurant,,Stokol
PoolGymRestaurantintrnetBar,,Andeman
intrnetbarRestaurant,,Andeman
Restaurantbar,,Willsmian
barRestaurantInternet,,Andeman
barRestaurant,,Andeman
RestaurantgymBARInternet,,Stokol
BARinternetrestaurantswimmingpools,,Uberlandia
InternetBARRestaurant,,Hallerson
barpoolrestaurantinternet,,Wanderland
restaurantGympool,,Uberlandia
Restaurantbar,,Stokol
internetBarrestaurant,,Willsmian
internetBARrestaurant,,Uberlandia
RestaurantSwimmingPools,,Ubisville
GymRestaurantBarPool,,Stokol
restaurantBARSwimmingPools,,Andeman
RestaurantBAR,,Hallerson
BARrestaurant,,Hallerson
restaurantBAR,,Wanderland
RestaurantbarInternet,,Ubisville
BARrestaurantintrnet,,Andeman
restaurantbarInternet,,Stokol
Bar,,Hallerson
restaurantBAR,,Machlessvile
RestaurantBar,,Ubisville
,,Hallerson
,,Hallerson
restaurant,,Andeman
PoolRestaurantBargym,,Machlessvile
Restaurant,,Willsmian
InternetRestaurantbar,,Machlessvile
BARRestaurant,,Uberlandia
RestaurantintrnetPoolBar,,Stokol
,,Hallerson
BarRestaurantinternet,,Hallerson
internetRestaurant,,Andeman
BarGym,,Andeman
BARrestaurant,,Andeman
RestaurantBar,,Machlessvile
Restaurant,,Andeman
Barrestaurantinternet,,Wanderland
RestaurantInternetBar,,Andeman
BARrestaurant,,Willsmian
swimmingpoolsrestaurant,,Willsmian
intrnetPoolRestaurant,,Wanderland
restaurant,,Wanderland
SwimmingPoolsrestaurantInternet,,Andeman
swimmingpools,,Wanderland
PoolBarrestaurantGymInternet,,Wanderland
,,Willsmian
BargymintrnetRestaurant,,Wanderland
,,Machlessvile
RestaurantInternet,,Ubisville
,,Machlessvile
restaurantbar,,Hallerson
Internet,,Uberlandia
BAR,,Uberlandia
Internetrestaurant,,Hallerson
restaurantbar,,Ubisville
GymBARSwimmingPoolsrestaurant,,Hallerson
barrestaurantswimmingpools,,Andeman
GymswimmingpoolsrestaurantBAR,,Hallerson
BARrestaurant,,Wanderland
swimmingpoolsrestaurantBargym,,Ubisville
,,Hallerson
internetRestaurantbar,,Andeman
RestaurantBARgympool,,Andeman
BARGymSwimmingPoolsInternet,,Willsmian
restaurant,,Andeman
gymPoolrestaurant,,Andeman
BARrestaurant,,Willsmian
,,Stokol
GymBARrestaurant,,Wanderland
BarRestaurant,,Willsmian
RestaurantBar,,Andeman
InternetBARRestaurant,,Ubisville
poolinternetRestaurantbar,,Machlessvile
BARswimmingpoolsRestaurant,,Willsmian
intrnetRestaurantswimmingpoolsBar,,Wanderland
,,Willsmian
RestaurantBAR,,Stokol
,,Wanderland
restaurantintrnetBar,,Machlessvile
gymswimmingpoolsrestaurantbar,,Ubisville
,,Uberlandia
RestaurantBARSwimmingPoolsGym,,Uberlandia
,,Andeman
poolRestaurant,,Uberlandia
poolBar,,Stokol
Restaurant,,Hallerson
restaurantBAR,,Wanderland
BARRestaurant,,Stokol
restaurantswimmingpoolsintrnetbar,,Willsmian
Barrestaurant,,Uberlandia
,,Stokol
intrnetRestaurantbarPool,,Uberlandia
RestaurantSwimmingPoolsBarGym,,Andeman
gymrestaurant,,Uberlandia
RestaurantBarInternet,,Stokol
internetgympoolBAR,,Willsmian
barRestaurantswimmingpoolsGym,,Wanderland
intrnetbarRestaurantSwimmingPools,,Stokol
restaurantgymBar,,Andeman
Gymrestaurantinternetpool,,Stokol
SwimmingPoolsRestaurant,,Machlessvile
BAR,,Stokol
RestaurantBar,,Wanderland
restaurantBar,,Wanderland
RestaurantBAR,,Hallerson
intrnetRestaurantBar,,Andeman
barrestaurant,,Stokol
BarRestaurant,,Machlessvile
Restaurant,,Willsmian
internet,,Willsmian
RestaurantBar,,Wanderland
InternetRestaurantBar,,Andeman
RestaurantpoolGym,,Stokol
swimmingpoolsInternetRestaurantBar,,Willsmian
Barrestaurant,,Stokol
internetRestaurantswimmingpoolsgymbar,,Ubisville
RestaurantSwimmingPoolsGymbarInternet,,Wanderland
Poolrestaurant,,Hallerson
Gymbarrestaurantintrnetswimmingpools,,Wanderland
BARrestaurant,,Wanderland
internetRestaurantBar,,Wanderland
,,Uberlandia
PoolrestaurantBAR,,Ubisville
internetbarRestaurant,,Stokol
Bar,,Machlessvile
restaurantBAR,,Machlessvile
restaurantBarinternet,,Uberlandia
,,Machlessvile
RestaurantBarpool,,Stokol
gymBarpoolrestaurant,,Stokol
poolBARGymRestaurant,,Andeman
restaurant,,Andeman
swimmingpoolsRestaurant,,Andeman
Restaurantbar,,Wanderland
BARintrnetrestaurant,,Andeman
intrnetBARRestaurant,,Andeman
restaurantInternet,,Wanderland
,,Andeman
,,Wanderland
RestaurantbarSwimmingPools,,Stokol
swimmingpoolsintrnetRestaurantBar,,Stokol
BarInternetRestaurant,,Andeman
BARRestaurant,,Stokol
barrestaurantinternetpool,,Hallerson
,,Andeman
restaurantinternetbar,,Machlessvile
Restaurantbar,,Uberlandia
Restaurantinternetbarswimmingpools,,Wanderland
BarRestaurantpoolinternet,,Stokol
Restaurant,,Wanderland
RestaurantBAR,,Ubisville
InternetrestaurantBAR,,Uberlandia
GymBarSwimmingPools,,Stokol
gymPoolbarrestaurantintrnet,,Willsmian
intrnetpoolgym,,Hallerson
BARRestaurant,,Hallerson
intrnetBarrestaurant,,Andeman
,,Uberlandia
internetswimmingpoolsBARrestaurant,,Machlessvile
poolRestaurantInternet,,Wanderland
intrnetrestaurantbar,,Wanderland
BARSwimmingPools,,Andeman
Restaurant,,Willsmian
BARrestaurant,,Wanderland
Bar,,Stokol
barInternet,,Stokol
Barrestaurant,,Andeman
RestaurantinternetbarGym,,Wanderland
Poolrestaurant,,Uberlandia
SwimmingPoolsBAR,,Stokol
restaurantbar,,Andeman
BarinternetRestaurantGym,,Hallerson
poolBARRestaurantgym,,Wanderland
restaurantBar,,Stokol
restaurantBar,,Willsmian
barRestaurant,,Stokol
intrnetRestaurantbar,,Machlessvile
barRestaurant,,Wanderland
,,Uberlandia
barinternetrestaurant,,Wanderland
RestaurantBAR,,Willsmian
Restaurant,,Stokol
internetRestaurantBAR,,Andeman
SwimmingPoolsrestaurant,,Stokol
BARrestaurant,,Hallerson
Restaurant,,Wanderland
internet,,Stokol
BarRestaurant,,Willsmian
intrnet,,Wanderland
barRestaurantInternet,,Ubisville
BAR,,Stokol
,,Stokol
Bar,,Andeman
BARgymRestaurant,,Willsmian
pool,,Uberlandia
restaurantBar,,Andeman
SwimmingPoolsGymBarrestaurant,,Willsmian
internetswimmingpoolsBARgym,,Stokol
RestaurantpoolBar,,Wanderland
,,Ubisville
BARRestaurant,,Andeman
swimmingpoolsRestaurantinternetBAR,,Uberlandia
restaurantBARswimmingpools,,Hallerson
restaurantbarinternet,,Andeman
BarRestaurantintrnet,,Wanderland
,,Hallerson
,,Willsmian
BARInternetswimmingpoolsGym,,Willsmian
barRestaurant,,Ubisville
,,Stokol
RestaurantBar,,Stokol
SwimmingPoolsGymBar,,Willsmian
RestaurantinternetBARgymSwimmingPools,,Wanderland
Restaurantbar,,Willsmian
,,Machlessvile
intrnetswimmingpoolsRestaurant,,Uberlandia
RestaurantBARinternet,,Stokol
poolRestaurant,,Ubisville
Restaurant,,Wanderland
restaurantBAR,,Wanderland
poolintrnetrestaurantBARgym,,Uberlandia
RestaurantBAR,,Andeman
barswimmingpoolsRestaurant,,Hallerson
,,Uberlandia
internetRestaurant,,Andeman
restaurant,,Wanderland
restaurantinternetbar,,Stokol
Internetrestaurantpool,,Stokol
poolBAR,,Andeman
gymPoolBar,,Ubisville
Poolrestaurant,,Uberlandia
BargymRestaurantSwimmingPools,,Ubisville
BarRestaurant,,Ubisville
Restaurant,,Willsmian
poolrestaurantGymBAR,,Stokol
Internet,,Andeman
BarinternetRestaurant,,Ubisville
Barrestaurant,,Ubisville
BARrestaurant,,Uberlandia
Restaurant,,Machlessvile
Restaurant,,Wanderland
PoolbarRestaurantinternet,,Andeman
InternetbarRestaurant,,Machlessvile
BarRestaurantInternetgym,,Andeman
BargymrestaurantPool,,Uberlandia
BarGymRestaurantinternet,,Wanderland
restaurantBAR,,Uberlandia
Bar,,Willsmian
Gymbarintrnetrestaurant,,Ubisville
restaurantbarintrnet,,Andeman
RestaurantSwimmingPoolsBARintrnet,,Hallerson
GymBARrestaurantswimmingpoolsInternet,,Willsmian
restaurantBar,,Andeman
Barswimmingpoolsintrnetrestaurant,,Andeman
restaurantgymBARPool,,Hallerson
restaurant,,Stokol
gymInternetbar,,Stokol
restaurant,,Stokol
BARinternetrestaurant,,Machlessvile
BARSwimmingPools,,Stokol
,,Stokol
Gymswimmingpoolsbarrestaurant,,Stokol
BARRestaurantinternet,,Uberlandia
RestaurantBarGymInternet,,Willsmian
BAR,,Uberlandia
bar,,Wanderland
restaurantintrnetBAR,,Stokol
,,Machlessvile
barinternetRestaurant,,Hallerson
Restaurant,,Willsmian
restaurant,,Willsmian
BARrestaurantGympoolintrnet,,Machlessvile
swimmingpools,,Andeman
,,Willsmian
restaurantBar,,Stokol
Restaurant,,Willsmian
,,Wanderland
InternetGymRestaurantBarPool,,Wanderland
gymRestaurantpoolBarinternet,,Uberlandia
restaurantbarPoolgym,,Ubisville
swimmingpoolsinternetrestaurant,,Andeman
restaurantBARintrnet,,Stokol
gymrestaurantinternetbar,,Machlessvile
restaurantbar,,Stokol
internetbarrestaurant,,Willsmian
Internet,,Hallerson
barrestaurant,,Andeman
Internet,,Wanderland
BarRestaurant,,Stokol
poolrestaurantInternetgymbar,,Hallerson
,,Hallerson
RestaurantintrnetSwimmingPoolsBAR,,Uberlandia
BARrestaurant,,Hallerson
swimmingpoolsrestaurantintrnetbar,,Hallerson
restaurant,,Andeman
BarRestaurant,,Stokol
internetgymBarrestaurantPool,,Stokol
BarrestaurantInternetPool,,Machlessvile
intrnet,,Hallerson
,,Machlessvile
BARRestaurant,,Wanderland
BarGymRestaurantInternet,,Uberlandia
barswimmingpoolsrestaurantInternet,,Stokol
BARrestaurant,,Stokol
BarRestaurant,,Willsmian
GymPoolinternetBARrestaurant,,Uberlandia
restaurantPool,,Hallerson
BARpoolrestaurant,,Hallerson
barswimmingpoolsintrnetrestaurant,,Wanderland
BARrestaurantgymPoolinternet,,Stokol
GymRestaurantBar,,Stokol
BARrestaurant,,Hallerson
restaurant,,Willsmian
RestaurantBARinternet,,Hallerson
intrnetbarRestaurant,,Hallerson
restaurantBar,,Stokol
BarRestaurant,,Uberlandia
Bar,,Andeman
Restaurant,,Ubisville
GyminternetpoolbarRestaurant,,Hallerson
InternetBarRestaurant,,Wanderland
GymbarRestaurant,,Willsmian
,,Stokol
PoolinternetbarGym,,Hallerson
Bar,,Andeman
barrestaurant,,Wanderland
Restaurantintrnet,,Uberlandia
BarRestaurantswimmingpools,,Machlessvile
restaurantintrnetpool,,Hallerson
RestaurantpoolGym,,Machlessvile
RestaurantBAR,,Machlessvile
,,Willsmian
restaurantswimmingpoolsinternetBargym,,Stokol
,,Andeman
restaurantGymBar,,Uberlandia
restaurantswimmingpools,,Wanderland
BARRestaurant,,Hallerson
gymBarswimmingpoolsInternetRestaurant,,Wanderland
Restaurantbar,,Hallerson
InternetswimmingpoolsGymBarRestaurant,,Hallerson
GympoolrestaurantBARinternet,,Uberlandia
InternetgymrestaurantSwimmingPoolsBAR,,Wanderland
restaurantInternetgymswimmingpoolsBAR,,Stokol
BarRestaurant,,Machlessvile
restaurantgym,,Andeman
,,Andeman
RestaurantBAR,,Hallerson
internetSwimmingPoolsRestaurantBARgym,,Hallerson
RestaurantBar,,Uberlandia
Barrestaurant,,Willsmian
restaurantBarinternet,,Uberlandia
internetrestaurantBAR,,Wanderland
RestaurantBar,,Stokol
RestaurantbarPoolgym,,Uberlandia
BARrestaurantInternet,,Andeman
Restaurant,,Uberlandia
Gymswimmingpoolsrestaurantbar,,Uberlandia
Barrestaurantintrnet,,Machlessvile
GymintrnetbarrestaurantPool,,Wanderland
BarSwimmingPoolsRestaurantgym,,Hallerson
Internet,,Hallerson
BARrestaurantinternet,,Hallerson
bar,,Stokol
RestaurantintrnetPool,,Willsmian
Restaurantbar,,Andeman
Restaurant,,Andeman
BarRestaurantInternet,,Wanderland
gymBARintrnetrestaurant,,Ubisville
RestaurantBar,,Wanderland
BARintrnetrestaurant,,Hallerson
BAR,,Wanderland
barrestaurantinternetgymPool,,Machlessvile
Barrestaurant,,Machlessvile
BARInternetrestaurant,,Andeman
restaurantBargyminternet,,Stokol
Barrestaurant,,Willsmian
internetrestaurantbar,,Uberlandia
barRestaurant,,Machlessvile
gymbarswimmingpoolsrestaurant,,Uberlandia
Bar,,Machlessvile
barrestaurant,,Stokol
internetpoolrestaurant,,Wanderland
BarRestaurant,,Wanderland
barrestaurant,,Stokol
BARRestaurant,,Wanderland
barRestaurant,,Willsmian
swimmingpoolsinternetrestaurantBargym,,Stokol
InternetrestaurantBAR,,Hallerson
intrnetBARrestaurant,,Stokol
Poolbar,,Uberlandia
Restaurant,,Uberlandia
RestaurantBar,,Hallerson
poolintrnetBARgymrestaurant,,Uberlandia
Bar,,Uberlandia
Internetrestaurantbar,,Ubisville
BarInternet,,Stokol
internetrestaurant,,Andeman
BarRestaurant,,Andeman
BARGymintrnet,,Uberlandia
restaurantgymBARSwimmingPools,,Stokol
BARRestaurant,,Uberlandia
restaurantBar,,Willsmian
barswimmingpoolsgymintrnetrestaurant,,Stokol
restaurantBar,,Uberlandia
RestaurantBAR,,Ubisville
SwimmingPoolsRestaurant,,Hallerson
,,Stokol
internetBarpoolRestaurantGym,,Stokol
BarRestaurant,,Uberlandia
RestaurantBAR,,Andeman
restaurantPool,,Wanderland
poolRestaurant,,Uberlandia
barinternetrestaurant,,Wanderland
restaurantbar,,Hallerson
BARRestaurant,,Machlessvile
BarpoolGymRestaurant,,Hallerson
restaurant,,Wanderland
Restaurantbar,,Wanderland
RestaurantbarInternet,,Uberlandia
bar,,Wanderland
Internetbar,,Hallerson
BARRestaurantPoolInternetGym,,Stokol
barpoolrestaurantintrnet,,Willsmian
barRestaurant,,Uberlandia
restaurantInternetBarpool,,Andeman
Bar,,Wanderland
SwimmingPoolsRestaurantBARintrnet,,Machlessvile
internetRestaurant,,Stokol
Bar,,Stokol
,,Machlessvile
,,Uberlandia
barrestaurantintrnet,,Wanderland
SwimmingPoolsrestaurantBARInternet,,Andeman
restaurantBar,,Wanderland
RestaurantBarGym,,Machlessvile
Bar,,Uberlandia
intrnetGymBarrestaurant,,Hallerson
barRestaurant,,Wanderland
restaurantinternetBarpool,,Stokol
,,Wanderland
BARInternetpoolRestaurant,,Willsmian
gymBarInternetrestaurantSwimmingPools,,Hallerson
gymInternetswimmingpoolsbarrestaurant,,Ubisville
swimmingpoolsintrnetrestaurant,,Andeman
restaurant,,Wanderland
barGymintrnetPoolrestaurant,,Hallerson
intrnetRestaurantBAR,,Uberlandia
internetBARRestaurant,,Uberlandia
Barrestaurant,,Stokol
RestaurantPoolBARgym,,Machlessvile
BarrestaurantgymInternet,,Hallerson
,,Hallerson
swimmingpools,,Wanderland
restaurantbar,,Willsmian
Restaurantswimmingpools,,Andeman
,,Andeman
BarGymRestaurantInternet,,Stokol
gymrestaurantintrnet,,Andeman
barPoolGymintrnetRestaurant,,Andeman
restaurantbar,,Uberlandia
GymSwimmingPoolsbar,,Uberlandia
InternetgymSwimmingPools,,Wanderland
barrestaurant,,Uberlandia
Internetrestaurant,,Hallerson
Restaurant,,Willsmian
InternetrestaurantBar,,Wanderland
SwimmingPoolsbarGymRestaurantintrnet,,Ubisville
,,Wanderland
intrnet,,Stokol
GymswimmingpoolsBARrestaurantintrnet,,Ubisville
restaurantGymBARpool,,Wanderland
Bar,,Machlessvile
BARrestaurantPool,,Wanderland
SwimmingPools,,Stokol
Restaurantbar,,Stokol
BARRestaurant,,Andeman
BARrestaurant,,Uberlandia
RestaurantBar,,Uberlandia
Poolintrnetgymrestaurantbar,,Wanderland
,,Wanderland
,,Hallerson
BARInternetswimmingpoolsRestaurantgym,,Andeman
,,Andeman
PoolBar,,Hallerson
,,Wanderland
restaurantbar,,Machlessvile
restaurantGymswimmingpoolsbar,,Uberlandia
restaurant,,Stokol
barSwimmingPoolsrestaurant,,Uberlandia
RestaurantBarpoolgymInternet,,Willsmian
Barrestaurantintrnet,,Andeman
InternetbarRestaurant,,Andeman
barrestaurantintrnetgymPool,,Willsmian
barInternet,,Stokol
poolBARRestaurant,,Andeman
Barrestaurantgym,,Hallerson
restaurantgymBarPoolinternet,,Machlessvile
,,Willsmian
RestaurantBAR,,Andeman
internetRestaurantgymSwimmingPoolsBar,,Wanderland
BarRestaurant,,Stokol
RestaurantBAR,,Ubisville
gymintrnetpoolBar,,Stokol
RestaurantinternetswimmingpoolsBAR,,Machlessvile
poolBARRestaurantInternet,,Hallerson
PoolintrnetRestaurant,,Stokol
restaurantInternetBAR,,Uberlandia
RestaurantintrnetSwimmingPools,,Wanderland
RestaurantBARgympool,,Andeman
,,Hallerson
BARRestaurant,,Uberlandia
restaurantswimmingpools,,Andeman
restaurantbar,,Stokol
internetRestaurant,,Andeman
PoolintrnetbarRestaurant,,Wanderland
BarGymswimmingpools,,Stokol
barRestaurant,,Wanderland
,,Uberlandia
RestaurantinternetBAR,,Willsmian
bargymintrnetSwimmingPools,,Machlessvile
bar,,Andeman
,,Andeman
,,Uberlandia
,,Stokol
bar,,Andeman
Barrestaurantintrnet,,Hallerson
poolbarGymrestaurant,,Stokol
bar,,Hallerson
restaurantinternetswimmingpoolsgymBAR,,Wanderland
PoolgymBarrestaurant,,Wanderland
restaurantBargymintrnet,,Willsmian
barrestaurantInternet,,Stokol
Restaurant,,Willsmian
,,Andeman
barrestaurantintrnet,,Andeman
intrnetBARrestaurant,,Stokol
restaurantBAR,,Andeman
swimmingpoolsbarGymRestaurant,,Andeman
restaurantBAR,,Andeman
,,Willsmian
internetRestaurantBarSwimmingPools,,Willsmian
Bar,,Hallerson
Restaurant,,Wanderland
restaurantBarpoolintrnet,,Machlessvile
,,Wanderland
RestaurantInternetBar,,Stokol
RestaurantbarInternet,,Ubisville
Barrestaurant,,Wanderland
,,Hallerson
RestaurantinternetBAR,,Machlessvile
,,Wanderland
Restaurantbar,,Machlessvile
,,Wanderland
restaurantbarInternet,,Willsmian
RestaurantSwimmingPoolsBargymintrnet,,Stokol
BAR,,Willsmian
RestaurantBar,,Andeman
restaurant,,Uberlandia
restaurantbar,,Ubisville
Restaurantinternet,,Wanderland
RestaurantBAR,,Stokol
InternetBarrestaurant,,Willsmian
InternetRestaurantBAR,,Andeman
,,Wanderland
,,Machlessvile
Barpoolrestaurant,,Hallerson
swimmingpoolsInternetRestaurantBAR,,Stokol
swimmingpoolsinternetRestaurant,,Andeman
restaurantGymPoolBAR,,Stokol
Pool,,Wanderland
BARRestaurant,,Hallerson
Barrestaurant,,Wanderland
intrnetbarRestaurant,,Machlessvile
BARinternetRestaurantswimmingpoolsgym,,Machlessvile
BARInternetRestaurant,,Uberlandia
bargympool,,Andeman
Gympool,,Stokol
gymBarRestaurantInternet,,Uberlandia
internetRestaurantBARpool,,Hallerson
intrnetRestaurantbar,,Willsmian
intrnetBarpoolrestaurant,,Andeman
gyminternetrestaurantbar,,Wanderland
,,Stokol
restaurantinternet,,Ubisville
internetBAR,,Wanderland
BargymRestaurant,,Uberlandia
poolrestaurantintrnetgymBAR,,Hallerson
restaurantbar,,Stokol
BARPool,,Willsmian
Restaurantbar,,Willsmian
BAR,,Wanderland
BARRestaurant,,Ubisville
restaurantBar,,Stokol
Restaurantbar,,Stokol
restaurantBAR,,Andeman
BARpoolintrnetRestaurant,,Willsmian
InternetbarRestaurant,,Stokol
BARRestaurant,,Stokol
BARrestaurant,,Stokol
BARRestaurant,,Stokol
BarRestaurant,,Andeman
RestaurantInternetBAR,,Andeman
restaurantpool,,Uberlandia
Restaurantbar,,Ubisville
intrnetrestaurant,,Wanderland
intrnetBARRestaurant,,Wanderland
GyminternetrestaurantPoolBar,,Andeman
restaurantBar,,Hallerson
Barrestaurant,,Andeman
RestaurantGymBar,,Ubisville
Barrestaurantinternetgym,,Machlessvile
BarrestaurantPool,,Stokol
,,Uberlandia
Pool,,Hallerson
,,Andeman
RestaurantinternetPool,,Stokol
,,Stokol
Barrestaurant,,Wanderland
BarRestaurant,,Stokol
restaurantSwimmingPoolsGymbar,,Stokol
swimmingpools,,Hallerson
Restaurantbar,,Uberlandia
RestaurantBar,,Wanderland
barinternetrestaurant,,Hallerson
,,Hallerson
BARrestaurantswimmingpoolsinternet,,Machlessvile
BarRestaurant,,Wanderland
intrnetgymBarrestaurantSwimmingPools,,Hallerson
intrnetRestaurantSwimmingPools,,Willsmian
Restaurant,,Willsmian
barrestaurant,,Uberlandia
Barrestaurant,,Andeman
RestaurantBar,,Machlessvile
gymPoolRestaurant,,Hallerson
Restaurant,,Machlessvile
restaurantBAR,,Wanderland
BarinternetGymRestaurant,,Stokol
,,Willsmian
Restaurant,,Stokol
Restaurantbar,,Stokol
Barinternet,,Uberlandia
RestaurantBAR,,Uberlandia
restaurantPoolBARgymintrnet,,Ubisville
BARGymrestaurant,,Andeman
BARrestaurant,,Uberlandia
Restaurant,,Machlessvile
BARpoolintrnetgymRestaurant,,Stokol
,,Andeman
restaurantbar,,Wanderland
restaurantBAR,,Willsmian
PoolgymrestaurantinternetBar,,Hallerson
Bar,,Uberlandia
restaurantBAR,,Ubisville
restaurantInternetBar,,Stokol
BARrestaurantGym,,Uberlandia
InternetRestaurantPool,,Stokol
Restaurantbarintrnet,,Andeman
RestaurantSwimmingPoolsbargymInternet,,Andeman
barpool,,Wanderland
RestaurantinternetBAR,,Wanderland
BARRestaurantinternetswimmingpools,,Willsmian
Restaurantinternetgymswimmingpoolsbar,,Ubisville
Barrestaurant,,Uberlandia
InternetBarRestaurant,,Hallerson
RestaurantBarintrnet,,Machlessvile
Restaurantintrnet,,Uberlandia
barrestaurantInternet,,Wanderland
BARinternetswimmingpoolsRestaurantgym,,Ubisville
Restaurant,,Wanderland
swimmingpoolsRestaurantBARInternet,,Wanderland
internetRestaurantbar,,Hallerson
BARRestaurantpoolGym,,Hallerson
,,Stokol
restaurantbar,,Willsmian
BarRestaurant,,Wanderland
BarRestaurantintrnet,,Uberlandia
poolBAR,,Hallerson
BarGymRestaurantPool,,Stokol
Barrestaurant,,Willsmian
bar,,Willsmian
Bar,,Willsmian
Barrestaurant,,Wanderland
BarswimmingpoolsRestaurantInternet,,Hallerson
Barrestaurant,,Wanderland
BarPoolInternetRestaurant,,Stokol
poolrestaurantbarGym,,Stokol
BARrestaurantInternet,,Stokol
restaurantintrnetBAR,,Stokol
intrnet,,Andeman
RestaurantswimmingpoolsInternet,,Hallerson
barRestaurant,,Wanderland
,,Uberlandia
Restaurant,,Machlessvile
,,Willsmian
Bar,,Wanderland
,,Andeman
,,Stokol
Restaurant,,Machlessvile
Restaurantbarintrnet,,Stokol
RestaurantswimmingpoolsBARgym,,Wanderland
Restaurant,,Hallerson
barrestaurant,,Stokol
swimmingpools,,Wanderland
barRestaurantInternet,,Wanderland
Barrestaurant,,Ubisville
barinternetrestaurant,,Uberlandia
,,Machlessvile
BarRestaurantintrnet,,Machlessvile
BarRestaurantinternet,,Stokol
barrestaurant,,Andeman
BARintrnetrestaurant,,Wanderland
intrnetRestaurantbar,,Willsmian
Restaurant,,Uberlandia
,,Willsmian
BARRestaurant,,Wanderland
Restaurant,,Wanderland
barRestaurant,,Uberlandia
BarRestaurant,,Uberlandia
restaurantInternet,,Uberlandia
intrnetRestaurantBar,,Uberlandia
barRestaurant,,Willsmian
Restaurant,,Wanderland
barGymrestaurantswimmingpools,,Willsmian
InternetRestaurantBar,,Uberlandia
barrestaurant,,Stokol
BarinternetrestaurantSwimmingPools,,Stokol
,,Andeman
BarPoolInternetRestaurant,,Uberlandia
BAR,,Stokol
Restaurantbar,,Stokol
restaurantbar,,Uberlandia
restaurantBar,,Machlessvile
RestaurantgymPoolBAR,,Stokol
gymrestaurantpool,,Stokol
RestaurantBAR,,Hallerson
restaurantbarSwimmingPools,,Machlessvile
BarInternetRestaurant,,Stokol
restaurantInternetBAR,,Willsmian
barRestaurant,,Willsmian
internetBARRestaurant,,Wanderland
,,Uberlandia
BarrestaurantPool,,Hallerson
bar,,Hallerson
RestaurantBAR,,Hallerson
restaurantinternetswimmingpools,,Ubisville
restaurantbar,,Hallerson
BARRestaurant,,Andeman
barPoolrestaurantgym,,Stokol
restaurantbar,,Stokol
barRestaurant,,Wanderland
Bar,,Andeman
PoolBARRestaurantGym,,Uberlandia
,,Willsmian
BAR,,Hallerson
BARrestaurant,,Wanderland
BarInternetrestaurant,,Hallerson
restaurantbar,,Ubisville
,,Stokol
swimmingpools,,Willsmian
RestaurantswimmingpoolsBar,,Andeman
poolgymRestaurantBar,,Uberlandia
barrestaurant,,Uberlandia
GymBarInternetrestaurantPool,,Hallerson
RestaurantBar,,Uberlandia
InternetPoolBARrestaurant,,Hallerson
RestaurantSwimmingPoolsInternetBAR,,Andeman
restaurantBAR,,Willsmian
BarInternetRestaurant,,Hallerson
restaurantbarInternet,,Hallerson
BarRestaurant,,Stokol
Barrestaurant,,Machlessvile
internetBARrestaurantSwimmingPoolsGym,,Andeman
Restaurant,,Willsmian
InternetGymrestaurant,,Wanderland
gymRestaurant,,Wanderland
restaurantInternetgym,,Andeman
restaurantSwimmingPoolsGymBAR,,Hallerson
BARrestaurantintrnet,,Willsmian
,,Stokol
internetswimmingpoolsbarrestaurantGym,,Wanderland
SwimmingPoolsRestaurant,,Hallerson
swimmingpoolsrestaurant,,Machlessvile
barRestaurant,,Wanderland
Restaurantintrnet,,Willsmian
gymswimmingpoolsInternetBarrestaurant,,Stokol
GymPoolRestaurantBar,,Ubisville
restaurantgymswimmingpools,,Wanderland
,,Machlessvile
restaurantinternetbar,,Willsmian
swimmingpoolsinternetGym,,Hallerson
bar,,Willsmian
swimmingpoolsRestaurantBar,,Wanderland
,,Willsmian
Restaurantpoolbar,,Stokol
restaurantInternet,,Stokol
BARrestaurant,,Hallerson
restaurantbarintrnet,,Hallerson
RestaurantswimmingpoolsintrnetBARGym,,Stokol
barrestaurantintrnet,,Stokol
BARRestaurant,,Uberlandia
InternetBAR,,Andeman
BARrestaurant,,Willsmian
BAR,,Uberlandia
RestaurantswimmingpoolsintrnetGymbar,,Willsmian
Restaurant,,Wanderland
gymbarpoolInternetRestaurant,,Uberlandia
restaurantInternet,,Stokol
gymInternetswimmingpoolsRestaurantbar,,Stokol
,,Willsmian
,,Wanderland
barrestaurantInternetGym,,Machlessvile
RestaurantInternetBar,,Wanderland
gyminternetPoolBarRestaurant,,Willsmian
GymrestaurantswimmingpoolsBar,,Andeman
Poolrestaurantbar,,Hallerson
intrnetRestaurantGymBar,,Ubisville
restaurant,,Stokol
BARSwimmingPoolsinternetgymRestaurant,,Wanderland
,,Stokol
Internet,,Machlessvile
BARrestaurant,,Stokol
,,Hallerson
BARRestaurant,,Andeman
internetBarrestaurant,,Willsmian
BarinternetRestaurantgym,,Machlessvile
restaurantBAR,,Andeman
RestaurantBargymInternetpool,,Stokol
restaurantinternetbar,,Stokol
Internetbarpool,,Machlessvile
internetBarrestaurant,,Ubisville
,,Uberlandia
,,Stokol
InternetgymbarSwimmingPoolsrestaurant,,Hallerson
InternetBARRestaurant,,Wanderland
RestaurantBar,,Willsmian
Restaurantinternetbar,,Andeman
barrestaurant,,Andeman
,,Wanderland
Restaurant,,Ubisville
RestaurantBarswimmingpools,,Andeman
SwimmingPoolsBarrestaurant,,Uberlandia
,,Andeman
bar,,Wanderland
InternetPoolrestaurant,,Stokol
BAR,,Andeman
internetSwimmingPoolsRestaurant,,Willsmian
Bar,,Machlessvile
,,Wanderland
PoolRestaurantGym,,Willsmian
barrestaurant,,Wanderland
BAR,,Wanderland
BARSwimmingPoolsinternetRestaurantgym,,Machlessvile
Barrestaurant,,Hallerson
gymbarPool,,Machlessvile
,,Willsmian
Restaurantbar,,Willsmian
barintrnetrestaurantpoolgym,,Stokol
RestaurantBAR,,Machlessvile
restaurantBAR,,Stokol
internetBarRestaurant,,Andeman
,,Willsmian
bargympoolRestaurant,,Uberlandia
restaurantGymbarinternet,,Andeman
InternetBarRestaurant,,Stokol
BarInternetRestaurant,,Wanderland
Poolrestaurantgymbar,,Wanderland
internetRestaurantPoolBAR,,Uberlandia
BARRestaurant,,Stokol
swimmingpoolsBarintrnet,,Andeman
Restaurantpoolinternet,,Wanderland
restaurantbar,,Stokol
Restaurant,,Andeman
restaurantpoolBAR,,Wanderland
SwimmingPoolsrestaurant,,Uberlandia
restaurantBar,,Stokol
Barrestaurant,,Stokol
barRestaurantintrnet,,Hallerson
poolinternetBarRestaurantGym,,Andeman
BARrestaurant,,Uberlandia
restaurantBarInternet,,Andeman
BARinternetrestaurant,,Wanderland
BARRestaurantpool,,Uberlandia
BARinternetGymPool,,Wanderland
PoolRestaurantGymBAR,,Hallerson
intrnetBARrestaurantGym,,Uberlandia
gymPoolrestaurantBAR,,Hallerson
BarGymrestaurantpool,,Hallerson
InternetRestaurantBARswimmingpools,,Andeman
BARSwimmingPoolsGymRestaurant,,Hallerson
BARRestaurantinternet,,Willsmian
barRestaurant,,Andeman
Barrestaurant,,Uberlandia
gymbarPoolrestaurant,,Stokol
barSwimmingPools,,Willsmian
GymSwimmingPools,,Willsmian
gymInternetswimmingpools,,Machlessvile
Internetrestaurantbar,,Stokol
PoolgymbarRestaurant,,Stokol
BARrestaurant,,Wanderland
gymrestaurantbarInternet,,Machlessvile
Restaurantbar,,Hallerson
restaurantbarintrnet,,Wanderland
Barrestaurant,,Stokol
BARRestaurantInternet,,Wanderland
barRestaurantintrnetpool,,Wanderland
RestaurantBar,,Ubisville
Barrestaurant,,Machlessvile
barrestaurant,,Ubisville
barPoolRestaurantGym,,Andeman
RestaurantGymBARInternetSwimmingPools,,Uberlandia
BARrestaurant,,Wanderland
BarPoolRestaurant,,Stokol
,,Andeman
internetRestaurantGymBARPool,,Machlessvile
restaurantBar,,Willsmian
BarRestaurant,,Hallerson
barRestaurant,,Wanderland
BarRestaurant,,Andeman
InternetRestaurant,,Andeman
restaurantBar,,Willsmian
intrnetpoolGymBAR,,Hallerson
barrestaurant,,Uberlandia
Internetbar,,Willsmian
,,Uberlandia
swimmingpools,,Andeman
,,Uberlandia
,,Uberlandia
restaurantinternetbar,,Ubisville
poolintrnetbarRestaurant,,Willsmian
BARrestaurant,,Willsmian
restaurantBAR,,Willsmian
barinternetSwimmingPools,,Uberlandia
BargymRestaurantPool,,Andeman
restaurantbar,,Uberlandia
,,Hallerson
intrnetBARrestaurant,,Wanderland
restaurant,,Andeman
internetRestaurantBAR,,Hallerson
RestaurantBarInternet,,Stokol
,,Uberlandia
,,Stokol
BARrestaurant,,Andeman
RestaurantintrnetBAR,,Andeman
SwimmingPoolsRestaurant,,Ubisville
BarRestaurant,,Stokol
BARRestaurant,,Stokol
RestaurantintrnetPoolbar,,Wanderland
restaurantBar,,Uberlandia
restaurantswimmingpoolsGymBAR,,Hallerson
internetrestaurantpool,,Machlessvile
restaurantBAR,,Andeman
,,Machlessvile
Barrestaurantintrnet,,Uberlandia
BARinternet,,Hallerson
restaurantBAR,,Uberlandia
restaurantSwimmingPoolsinternet,,Ubisville
Restaurant,,Hallerson
Restaurantinternet,,Stokol
restaurantbarintrnet,,Stokol
PoolrestaurantGym,,Machlessvile
,,Uberlandia
Internet,,Stokol
RestaurantbarInternet,,Willsmian
Barrestaurantinternet,,Stokol
restaurantintrnetGym,,Ubisville
GymswimmingpoolsBARRestaurant,,Stokol
barrestaurantintrnet,,Stokol
Pool,,Stokol
barrestaurantintrnet,,Andeman
,,Stokol
RestaurantInternetpool,,Ubisville
restaurantbar,,Uberlandia
restaurant,,Willsmian
bar,,Ubisville
SwimmingPoolsrestaurant,,Willsmian
restaurant,,Hallerson
Bar,,Wanderland
BarInternet,,Wanderland
restaurantBAR,,Wanderland
RestaurantBAR,,Uberlandia
,,Uberlandia
restaurantPool,,Willsmian
bar,,Willsmian
restaurantBar,,Stokol
restaurantBAR,,Ubisville
restaurantBAR,,Uberlandia
,,Stokol
poolintrnetGymBAR,,Stokol
,,Uberlandia
BarRestaurant,,Ubisville
InternetBar,,Andeman
BarrestaurantinternetGym,,Andeman
bar,,Machlessvile
,,Hallerson
restaurant,,Willsmian
GymRestaurantBarSwimmingPools,,Stokol
BARRestaurant,,Wanderland
,,Stokol
,,Wanderland
restaurant,,Machlessvile
InternetbarRestaurant,,Andeman
restaurantgymintrnetbarpool,,Stokol
restaurantBar,,Uberlandia
restaurantbar,,Uberlandia
SwimmingPoolsRestaurantGymBAR,,Andeman
restaurantBar,,Ubisville
RestaurantBAR,,Andeman
RestaurantBARSwimmingPools,,Ubisville
intrnetrestaurantBAR,,Stokol
BAR,,Uberlandia
RestaurantBAR,,Stokol
barinternet,,Machlessvile
BarrestaurantGympool,,Machlessvile
intrnetRestaurant,,Andeman
restaurantInternetBar,,Machlessvile
barRestaurant,,Uberlandia
restaurantswimmingpools,,Stokol
gymBAR,,Wanderland
restaurant,,Andeman
SwimmingPoolsrestaurantintrnetBargym,,Andeman
BARRestaurant,,Stokol
RestaurantGymbarpoolInternet,,Willsmian
intrnetBARrestaurant,,Hallerson
SwimmingPoolsGymBar,,Hallerson
,,Uberlandia
,,Andeman
Gymbarpoolrestaurant,,Stokol
,,Hallerson
RestaurantgymswimmingpoolsBarinternet,,Andeman
BarRestaurant,,Stokol
restaurantswimmingpoolsGymintrnetBAR,,Uberlandia
Restaurant,,Machlessvile
InternetbarrestaurantSwimmingPools,,Machlessvile
BARRestaurantinternet,,Wanderland
BarPool,,Willsmian
swimmingpoolsintrnetbarrestaurant,,Stokol
GymPoolintrnetBARrestaurant,,Andeman
barInternetrestaurant,,Wanderland
,,Andeman
,,Wanderland
barRestaurantPoolinternet,,Wanderland
RestaurantPoolgymBar,,Andeman
Restaurant,,Stokol
barSwimmingPoolsInternetRestaurantGym,,Uberlandia
poolRestaurant,,Uberlandia
BARRestaurant,,Stokol
RestaurantinternetBar,,Stokol
BarRestaurant,,Stokol
BARRestaurant,,Wanderland
GymintrnetBarpoolRestaurant,,Wanderland
RestaurantBar,,Uberlandia
,,Andeman
,,Willsmian
restaurantBarInternet,,Stokol
bargymRestaurantpool,,Uberlandia
intrnetrestaurantBAR,,Wanderland
,,Willsmian
internetrestaurantBar,,Willsmian
Bar,,Hallerson
InternetBar,,Stokol
gympoolRestaurantBAR,,Machlessvile
restaurantbar,,Wanderland
internetrestaurantpoolbar,,Willsmian
Pool,,Andeman
InternetRestaurantBar,,Andeman
restaurant,,Hallerson
RestaurantGymBARInternet,,Willsmian
intrnet,,Willsmian
BARswimmingpoolsintrnet,,Uberlandia
gymBarrestaurantPool,,Willsmian
BARPoolgym,,Wanderland
,,Machlessvile
restaurantBargympool,,Wanderland
InternetRestaurantSwimmingPools,,Machlessvile
barrestaurant,,Stokol
InternetbarRestaurantGym,,Stokol
BARInternetgympool,,Ubisville
barPool,,Machlessvile
BARrestaurant,,Hallerson
barRestaurant,,Wanderland
barRestaurant,,Andeman
InternetBarswimmingpools,,Andeman
BARrestaurant,,Ubisville
restaurantInternet,,Hallerson
gymBARRestaurantPool,,Machlessvile
BARpoolrestaurantgym,,Hallerson
BARswimmingpools,,Hallerson
,,Machlessvile
BarInternet,,Uberlandia
gymrestaurant,,Hallerson
swimmingpoolsInternetrestaurantbar,,Hallerson
BARswimmingpoolsInternet,,Hallerson
Restaurant,,Stokol
Restaurant,,Uberlandia
BarrestaurantSwimmingPoolsInternet,,Wanderland
bar,,Willsmian
barRestaurantintrnetSwimmingPools,,Stokol
RestaurantInternetpool,,Wanderland
restaurantbar,,Hallerson
BARrestaurantinternet,,Stokol
restaurantBar,,Stokol
RestaurantgymBAR,,Willsmian
BARInternetGymRestaurant,,Stokol
GymPoolbar,,Wanderland
RestaurantbarGymPoolinternet,,Hallerson
Restaurantbarintrnet,,Wanderland
,,Stokol
InternetBARRestaurant,,Wanderland
Internet,,Hallerson
restaurantbar,,Willsmian
SwimmingPoolsinternetRestaurantbar,,Andeman
barrestaurantinternet,,Wanderland
restaurantinternetbarSwimmingPools,,Uberlandia
intrnetSwimmingPoolsGym,,Andeman
RestaurantBarGyminternet,,Andeman
restaurantBAR,,Willsmian
restaurantBAR,,Wanderland
barrestaurant,,Uberlandia
intrnetRestaurantBar,,Machlessvile
InternetBarRestaurant,,Ubisville
gymbarswimmingpoolsrestaurant,,Hallerson
restaurant,,Stokol
barRestaurant,,Wanderland
Barrestaurant,,Stokol
internetrestaurant,,Andeman
intrnetrestaurant,,Uberlandia
InternetBarRestaurant,,Willsmian
barrestaurantSwimmingPools,,Uberlandia
,,Stokol
InternetRestaurant,,Wanderland
InternetBAR,,Machlessvile
Restaurant,,Wanderland
barintrnet,,Uberlandia
,,Willsmian
GymRestaurantPoolBARintrnet,,Wanderland
Restaurantinternet,,Wanderland
Barrestaurant,,Ubisville
swimmingpoolsBARrestaurantinternet,,Machlessvile
BARrestaurant,,Wanderland
RestaurantInternetGymBarpool,,Stokol
RestaurantSwimmingPoolsinternetBar,,Andeman
Restaurant,,Willsmian
gymswimmingpoolsbarinternet,,Wanderland
,,Stokol
swimmingpools,,Machlessvile
,,Hallerson
BARRestaurant,,Stokol
swimmingpoolsGymBar,,Wanderland
PoolBAR,,Wanderland
,,Ubisville
,,Andeman
gymBARInternetPoolrestaurant,,Hallerson
bar,,Wanderland
restaurantBAR,,Willsmian
gymrestaurantintrnetbar,,Uberlandia
RestaurantBar,,Wanderland
Restaurant,,Andeman
,,Stokol
BarRestaurant,,Stokol
RestaurantBARgympool,,Andeman
poolgymbarinternet,,Wanderland
Gympoolbarinternet,,Uberlandia
RestaurantBARinternet,,Machlessvile
restaurantBAR,,Stokol
RestaurantInternetBAR,,Wanderland
Poolrestaurant,,Wanderland
RestaurantinternetBar,,Machlessvile
restaurantBAR,,Andeman
restaurantintrnetgymSwimmingPoolsBar,,Stokol
SwimmingPoolsInternetRestaurantBARgym,,Stokol
barrestaurant,,Machlessvile
,,Wanderland
barRestaurantintrnet,,Uberlandia
,,Wanderland
bar,,Stokol
swimmingpoolsgym,,Stokol
restaurantBAR,,Hallerson
RestaurantBar,,Willsmian
RestaurantpoolBarGyminternet,,Andeman
SwimmingPoolsbar,,Wanderland
RestaurantBAR,,Hallerson
Barintrnetrestaurant,,Machlessvile
RestaurantBar,,Wanderland
GymSwimmingPoolsintrnet,,Willsmian
Poolgym,,Wanderland
restaurantinternetBAR,,Wanderland
RestaurantswimmingpoolsBAR,,Wanderland
,,Stokol
gymBarInternetPool,,Hallerson
BAR,,Andeman
,,Hallerson
GymRestaurantInternetBAR,,Willsmian
BARpoolRestaurantgyminternet,,Hallerson
restaurantBar,,Willsmian
poolBARinternetrestaurantgym,,Stokol
BARrestaurant,,Ubisville
bargymSwimmingPoolsRestaurant,,Uberlandia
Restaurant,,Andeman
Restaurantbar,,Machlessvile
BAR,,Stokol
restaurantbar,,Ubisville
Bar,,Willsmian
internet,,Machlessvile
GymPoolrestaurantBar,,Andeman
swimmingpoolsRestaurantBarGym,,Andeman
RestaurantBAR,,Uberlandia
barrestaurant,,Stokol
SwimmingPoolsRestaurantInternetBAR,,Uberlandia
restaurantbarGymInternetSwimmingPools,,Andeman
intrnetrestaurant,,Wanderland
,,Andeman
,,Uberlandia
BARrestaurant,,Hallerson
,,Machlessvile
RestaurantBar,,Stokol
Barrestaurant,,Hallerson
Bar,,Andeman
Barrestaurantintrnet,,Ubisville
Restaurantbarpoolgym,,Andeman
BARintrnetrestaurantgym,,Hallerson
BARrestaurant,,Andeman
restaurantbar,,Wanderland
BAR,,Andeman
Barinternetrestaurant,,Hallerson
Barrestaurant,,Wanderland
Restaurant,,Hallerson
barSwimmingPoolsrestaurantgym,,Stokol
Restaurantintrnet,,Willsmian
restaurant,,Stokol
BARintrnetpoolrestaurant,,Andeman
,,Stokol
restaurantbar,,Uberlandia
restaurantintrnet,,Uberlandia
Restaurantintrnetbar,,Machlessvile
RestaurantswimmingpoolsBARInternetgym,,Stokol
restaurant,,Machlessvile
,,Uberlandia
barInternet,,Hallerson
SwimmingPoolsInternetBarrestaurant,,Uberlandia
internet,,Andeman
restaurant,,Wanderland
RestaurantintrnetpoolBargym,,Wanderland
RestaurantInternetBargym,,Willsmian
gympoolRestaurantbarintrnet,,Stokol
restaurantintrnetBARSwimmingPools,,Machlessvile
,,Willsmian
GymBARSwimmingPoolsrestaurantinternet,,Wanderland
internetbarrestaurant,,Hallerson
intrnetrestaurantswimmingpools,,Machlessvile
internetbar,,Wanderland
internet,,Wanderland
BARGymSwimmingPoolsintrnetrestaurant,,Wanderland
,,Wanderland
bar,,Hallerson
restaurantBar,,Stokol
BarRestaurantinternet,,Machlessvile
intrnetpoolrestaurantgymBar,,Uberlandia
RestaurantGymPoolinternetBar,,Uberlandia
BARrestaurantinternet,,Ubisville
SwimmingPoolsgym,,Machlessvile
InternetrestaurantgymBARswimmingpools,,Willsmian
barintrnetRestaurant,,Stokol
BARRestaurant,,Hallerson
SwimmingPoolsgymrestaurantBar,,Machlessvile
poolBargymrestaurant,,Wanderland
gymInternetSwimmingPoolsBARrestaurant,,Stokol
restaurantswimmingpools,,Wanderland
restaurantSwimmingPoolsInternet,,Willsmian
Internet,,Wanderland
restaurantBarSwimmingPoolsgym,,Willsmian
internetRestaurantPoolGymbar,,Ubisville
GymrestaurantInternetBar,,Hallerson
restaurantSwimmingPools,,Willsmian
Restaurantbar,,Uberlandia
restaurantBAR,,Andeman
barrestaurantPoolGym,,Andeman
barInternet,,Andeman
restaurantBarInternet,,Uberlandia
Barrestaurantswimmingpools,,Willsmian
Restaurant,,Hallerson
barPool,,Andeman
